,gene,decouple_UL,couple_UL,decouple_RAO,couple_RAO,decouple_DL,couple_DL,decouple_Subplate,couple_Subplate,decouple_VSVZ,couple_VSVZ,decouple_IPC,couple_IPC,decouple_DC,couple_DC
0,RP1,,,0.007482219724251525,-0.007492219724251525,,,,,,,,,,
1,LYPLA1,0.007065751139700774,-0.0070757511397007734,0.00755470031993459,-0.00756470031993459,0.010155277279686431,-0.01016527727968643,0.01002633148876042,-0.01003633148876042,0.00699516477249458,-0.00700516477249458,0.010780790981500796,-0.010790790981500795,0.00674909276781982,-0.006759092767819819
2,RGS20,0.00486440525593182,-0.004874405255931819,0.004720599688120497,-0.004730599688120497,0.007596328169338681,-0.007606328169338681,0.009461175247380216,-0.009471175247380215,0.0114458385732739,-0.0114558385732739,0.013461018073116143,-0.013471018073116143,0.0064721770960389086,-0.006482177096038908
3,ST18,0.0035887380131074537,-0.0035987380131074537,0.0002800629010805411,-0.00029006290108054113,-0.007160286385006889,0.00715028638500689,,,0.008641813283352603,-0.008651813283352603,,,0.004748743553583068,-0.004758743553583068
4,SNTG1,0.0072586030182326955,-0.007268603018232695,0.007663048932686142,-0.007673048932686142,0.006153268474657636,-0.006163268474657636,0.005928882892890716,-0.005938882892890716,0.009613391683299041,-0.00962339168329904,0.01047476933545892,-0.010484769335458919,0.005548183573175894,-0.005558183573175893
5,ADHFE1,-6.864279003895857e-05,5.864279003895857e-05,0.007153857433740571,-0.00716385743374057,0.0011645684877624601,-0.0011745684877624602,0.007750234843396431,-0.00776023484339643,0.011524538125483902,-0.011534538125483901,0.00789033684529708,-0.00790033684529708,0.004595588770569113,-0.004605588770569113
6,MYBL1,-0.002753721129504255,0.002743721129504255,0.004977195263630871,-0.00498719526363087,-0.0012372661407929614,0.0012272661407929614,,,0.0015747645519436498,-0.0015847645519436499,0.006662173169616606,-0.0066721731696166055,0.008822140187069276,-0.008832140187069275
7,1700034P13RIK,-0.000869986941917783,0.000859986941917783,0.003192026640412335,-0.003202026640412335,-0.03474731413056968,0.03473731413056968,0.0035869354453577362,-0.0035969354453577363,0.010283107578650835,-0.010293107578650835,0.01223508341524046,-0.01224508341524046,-0.020767307474138887,0.020757307474138887
8,CPA6,,,9.591456330006881e-05,-0.00010591456330006881,,,4.025508745807149e-05,-5.025508745807149e-05,,,,,,
9,PREX2,0.01071194740282462,-0.01072194740282462,0.007177152928754801,-0.007187152928754801,0.008938553461202564,-0.008948553461202564,0.015375492101022792,-0.015385492101022791,0.00651274010918311,-0.0065227401091831096,-0.0065115235508711525,0.006501523550871153,0.00035517035936619146,-0.0003651703593661915
10,A830018L16RIK,0.008866526193988214,-0.008876526193988214,-0.016902408931660215,0.016892408931660215,0.00986723953603709,-0.00987723953603709,0.009443876205549248,-0.009453876205549248,0.010049719423105258,-0.010059719423105257,0.00023879500479472016,-0.0002487950047947202,0.005418256394212881,-0.0054282563942128804
11,SULF1,0.002961972394146292,-0.0029719723941462922,-0.0005895911745719129,0.0005795911745719129,0.006797456764261883,-0.006807456764261883,-0.01132315933321787,0.01131315933321787,0.008229012103906433,-0.008239012103906432,0.0064342696357958945,-0.006444269635795894,,
12,EYA1,0.0004422693241776521,-0.0004522693241776521,0.005261908943705165,-0.005271908943705165,0.0022695014152254167,-0.0022795014152254167,0.005887851833623323,-0.005897851833623322,0.011514718489586698,-0.011524718489586697,0.012808887860143725,-0.012818887860143725,0.00884272942169137,-0.00885272942169137
13,JPH1,0.007566705872413246,-0.007576705872413245,0.008453997691143841,-0.008463997691143841,0.015903880312472488,-0.015913880312472487,0.012385162470737149,-0.012395162470737148,0.012873132528842174,-0.012883132528842173,0.008998406963930436,-0.009008406963930436,0.010684443327638182,-0.010694443327638182
14,CRISPLD1,,,0.01245364815875702,-0.012463648158757019,,,,,0.01797027081106148,-0.017980270811061478,,,,
15,GM28756,0.00928323829051629,-0.00929323829051629,-0.029776456816002835,0.029766456816002835,0.009584634831042174,-0.009594634831042174,0.009741846791298622,-0.009751846791298622,0.011089033735167161,-0.011099033735167161,-0.0011455548998802467,0.0011355548998802467,0.005836758562685104,-0.005846758562685104
16,TFAP2D,0.00255332264595326,-0.00256332264595326,0.006461869953010277,-0.0064718699530102765,0.007769714722620058,-0.007779714722620058,0.010491371433015761,-0.010501371433015761,0.009884626288441903,-0.009894626288441902,0.010696929201002368,-0.010706929201002368,,
17,MCM3,0.0069691152898481434,-0.006979115289848143,0.007537471307771312,-0.007547471307771312,0.010942058421821263,-0.010952058421821263,0.004279550851151295,-0.004289550851151295,0.0093406938845631,-0.0093506938845631,0.006725684758021794,-0.006735684758021793,-0.014994567048095368,0.014984567048095369
18,PAQR8,0.009019378167588216,-0.009029378167588215,0.0077546846019830445,-0.007764684601983044,0.0073587087378296084,-0.007368708737829608,,,0.01000560145740538,-0.01001560145740538,0.01189377250000448,-0.011903772500004479,0.009055450032290427,-0.009065450032290426
19,TRAM2,0.004758941981043735,-0.004768941981043735,0.008729334661306293,-0.008739334661306292,0.013650601842769367,-0.013660601842769366,,,0.008363322068856385,-0.008373322068856385,0.0051725372455769525,-0.005182537245576952,0.005568358832431737,-0.005578358832431737
20,KCNQ5,0.004803659665341076,-0.004813659665341075,0.005871392861694857,-0.005881392861694857,0.007276487540983215,-0.007286487540983214,0.012419635150747066,-0.012429635150747066,0.00974568697626653,-0.009755686976266529,0.007405536065347565,-0.0074155360653475645,0.0055536088150975466,-0.005563608815097546
21,GM28822,0.002464566690559833,-0.002474566690559833,0.005579797361469019,-0.005589797361469018,,,,,0.0030053163713858605,-0.0030153163713858605,-0.006471658305672326,0.006461658305672326,-0.006189752002772039,0.00617975200277204
22,COL19A1,-0.001799780245645352,0.001789780245645352,-0.03655030785779458,0.03654030785779458,0.014819746308668072,-0.014829746308668072,,,0.006632363763352883,-0.006642363763352883,,,0.008552767742983039,-0.008562767742983039
23,ADGRB3,0.0052019150306248235,-0.005211915030624823,0.004016096075128137,-0.004026096075128136,0.000655128129382454,-0.000665128129382454,0.008207292082665615,-0.008217292082665615,0.005527224246673748,-0.005537224246673748,0.012960694968458225,-0.012970694968458225,0.006759280579559518,-0.0067692805795595175
24,KHDRBS2,0.0033198868766600304,-0.0033298868766600304,0.007234002448669619,-0.007244002448669618,0.002891256934775141,-0.002901256934775141,0.005269024836093317,-0.005279024836093316,0.005006475508371258,-0.005016475508371258,0.01014087911543353,-0.010150879115433529,0.005316279585732733,-0.005326279585732733
25,PRIM2,0.0049591922888446854,-0.004969192288844685,0.007635233152466572,-0.007645233152466572,0.005405407541758833,-0.005415407541758833,0.009717794223239568,-0.009727794223239567,0.008881755631457919,-0.008891755631457918,0.011518553067215123,-0.011528553067215123,0.006635742143541137,-0.006645742143541137
26,BEND6,0.005121464157297612,-0.005131464157297611,-0.0018088300405530583,0.0017988300405530583,0.0048178255046856105,-0.00482782550468561,0.008019720947409145,-0.008029720947409145,0.010261397483321513,-0.010271397483321513,0.007538807781205262,-0.007548807781205261,0.006379260934138445,-0.0063892609341384445
27,ARHGEF4,0.005493262074823757,-0.005503262074823757,0.006624050645891097,-0.0066340506458910965,0.014689291838348925,-0.014699291838348925,0.006664138763619862,-0.006674138763619861,0.012345753076534682,-0.012355753076534682,0.006372707010192685,-0.006382707010192685,0.006064555716153788,-0.006074555716153788
28,NPAS2,-0.003000431070602369,0.002990431070602369,-0.0063789594358011625,0.006368959435801163,0.010013203245265903,-0.010023203245265903,0.012260743068168725,-0.012270743068168725,,,,,,
29,GM29260,0.0050306936881186065,-0.005040693688118606,0.004552933839930981,-0.004562933839930981,0.009983339796988053,-0.009993339796988052,0.01051823662925569,-0.010528236629255689,0.005179680353203042,-0.005189680353203042,0.011207172365034282,-0.011217172365034282,0.00781601522402492,-0.007826015224024919
30,GM28175,0.003976431393317062,-0.0039864313933170616,0.0052290602785279305,-0.00523906027852793,0.006357939097931795,-0.006367939097931794,0.00952235299975722,-0.009532352999757219,0.005797286364580392,-0.005807286364580392,0.010424060479431022,-0.010434060479431021,0.007729906467538072,-0.007739906467538072
31,ECRG4,0.006790387019406555,-0.006800387019406554,0.007618942693938202,-0.007628942693938202,0.009032560850159618,-0.009042560850159618,-0.00930037455323049,0.00929037455323049,0.0014795942510426457,-0.0014895942510426458,-0.044720858515643495,0.04471085851564349,,
32,GULP1,,,0.0066761390525161834,-0.006686139052516183,0.008274619770408498,-0.008284619770408497,,,-0.009591908478655514,0.009581908478655515,0.008195746544004498,-0.008205746544004498,,
33,COL5A2,-0.00043793579973006036,0.00042793579973006033,0.0033808278547070303,-0.0033908278547070303,0.007703797088916511,-0.007713797088916511,0.004786086044161905,-0.004796086044161905,0.01031452102849477,-0.010324521028494769,0.010371854766581534,-0.010381854766581534,0.006774827602833988,-0.006784827602833988
34,DNAH7B,-0.011671948339401383,0.011661948339401384,0.003261319663025189,-0.003271319663025189,0.00970596261964922,-0.009715962619649219,0.00375363495224848,-0.0037636349522484802,0.00871855329610037,-0.00872855329610037,0.015417039743450447,-0.015427039743450447,0.005746235406476077,-0.005756235406476077
35,TMEFF2,0.004831944158267473,-0.004841944158267473,0.006094232334444727,-0.0061042323344447265,0.003968316340711153,-0.003978316340711153,0.0025464280955446866,-0.0025564280955446867,0.006277627835571203,-0.006287627835571203,0.01205682549859162,-0.01206682549859162,0.006098394411328742,-0.0061083944113287415
36,MYO1B,0.004831839595627385,-0.004841839595627385,0.006391779161206354,-0.006401779161206354,0.008089845511490806,-0.008099845511490806,0.010673543432068194,-0.010683543432068194,0.0058273487019869785,-0.005837348701986978,0.00989472310524317,-0.009904723105243169,0.0023370515788913165,-0.0023470515788913166
37,STAT1,-0.004479615395054731,0.004469615395054732,0.009047569385273235,-0.009057569385273235,0.005042712041760988,-0.005052712041760988,0.006955266037906485,-0.006965266037906485,0.006970756993982891,-0.00698075699398289,-0.018431169757080472,0.018421169757080472,-0.0011370456630187264,0.0011270456630187264
38,STK17B,,,0.00801141018345966,-0.00802141018345966,,,,,,,0.007900229625075611,-0.00791022962507561,0.007248366641477336,-0.007258366641477335
39,HECW2,0.00791150872650112,-0.00792150872650112,0.008559244082886885,-0.008569244082886885,0.004620883049318625,-0.004630883049318624,0.0073440032156149165,-0.007354003215614916,0.011207371085638199,-0.011217371085638198,0.012027959649973233,-0.012037959649973232,0.008917471314102948,-0.008927471314102948
40,RFTN2,0.0018992591488147248,-0.0019092591488147248,0.005855772204760051,-0.005865772204760051,0.01045577713796976,-0.01046577713796976,,,0.00914058906428769,-0.00915058906428769,0.014663233146878382,-0.014673233146878382,0.00788539559631174,-0.007895395596311739
41,PLCL1,0.00395492953383382,-0.00396492953383382,0.005943052213557731,-0.005953052213557731,0.007982314736927995,-0.007992314736927995,0.008259269069278471,-0.008269269069278471,0.00522770133935023,-0.005237701339350229,0.011178162324462143,-0.011188162324462143,0.0044071016919802405,-0.00441710169198024
42,SATB2,4.7481046447528374e-05,-5.7481046447528374e-05,0.0076655918328788625,-0.007675591832878862,0.003650000368570633,-0.003660000368570633,0.010141806972032694,-0.010151806972032693,0.00531053883243067,-0.005320538832430669,0.010632116054913363,-0.010642116054913362,0.00643237489327074,-0.006442374893270739
43,9130024F11RIK,0.0039798891461074876,-0.003989889146107487,0.00658529554122482,-0.0065952955412248195,0.005125689229657823,-0.005135689229657823,0.010295608607776952,-0.010305608607776951,0.0054717420526239485,-0.005481742052623948,0.014395772394528841,-0.014405772394528841,0.006493854236159793,-0.006503854236159793
44,SPATS2L,0.00845276892556722,-0.008462768925567219,0.008149502006415066,-0.008159502006415065,0.00872838096672883,-0.00873838096672883,0.010231562407756675,-0.010241562407756675,0.010306430292050056,-0.010316430292050056,-0.00456692760107702,0.00455692760107702,0.007588318158700716,-0.0075983181587007155
45,SGO2A,-0.010937139779853153,0.010927139779853153,0.004965175357507193,-0.004975175357507192,0.010581077206907638,-0.010591077206907638,-0.028114954171138844,0.028104954171138844,0.003181530804346952,-0.003191530804346952,,,0.0048793812624530405,-0.00488938126245304
46,CASP8,,,-0.0020315420326498246,0.0020215420326498246,,,,,,,0.0033564791792538157,-0.0033664791792538157,,
47,GM973,-0.03892923624099398,0.03891923624099398,0.007022944925293359,-0.007032944925293359,0.008337871554076476,-0.008347871554076475,0.0011009855558009457,-0.0011109855558009457,,,,,-0.0005767610847484811,0.0005667610847484811
48,PARD3B,0.001879925547218303,-0.001889925547218303,0.006979668360413263,-0.006989668360413263,0.006186840060471016,-0.006196840060471016,0.010828031466019933,-0.010838031466019932,0.012336997461227545,-0.012346997461227544,0.010996849567953063,-0.011006849567953062,0.006426819727976457,-0.006436819727976457
49,PARD3BOS1,,,0.00998345170419776,-0.00999345170419776,-0.01064468123046311,0.01063468123046311,-0.00035726694022994443,0.0003472669402299444,-0.02841048690589522,0.02840048690589522,-0.01976968535032725,0.01975968535032725,0.013139766974701192,-0.013149766974701192
50,NRP2,0.011684641541117952,-0.011694641541117951,0.0042275978676455245,-0.004237597867645524,0.014687149096750077,-0.014697149096750076,0.006029500287472164,-0.006039500287472164,0.007182062462386049,-0.007192062462386049,0.009287822358826053,-0.009297822358826053,0.003420609842124653,-0.003430609842124653
51,ADAM23,0.007601695557838448,-0.007611695557838447,0.00726059735495882,-0.0072705973549588195,0.007922827032678825,-0.007932827032678825,0.010049261671209606,-0.010059261671209605,0.007887453118808424,-0.007897453118808424,0.010992083812642106,-0.011002083812642106,0.004012859074865746,-0.004022859074865746
52,UNC80,0.008284612798695343,-0.008294612798695342,0.00764356168192535,-0.007653561681925349,0.01129220178428024,-0.01130220178428024,0.009421278048514906,-0.009431278048514905,0.006502429161258663,-0.006512429161258663,-0.01643402324165477,0.016424023241654772,0.005222186220903577,-0.0052321862209035765
53,ACADL,0.004754506161984862,-0.004764506161984861,0.0058708830325575195,-0.005880883032557519,0.011967536892232664,-0.011977536892232663,,,,,-0.005869274378044229,0.005859274378044229,-0.0036723525707971355,0.0036623525707971355
54,ERBB4,0.011155229157204238,-0.011165229157204238,0.008413798125406408,-0.008423798125406407,0.009573754150983188,-0.009583754150983188,0.005601402522945623,-0.005611402522945622,0.010139551994266402,-0.010149551994266402,0.007508310208202751,-0.0075183102082027504,0.006295375119044294,-0.006305375119044294
55,IKZF2,0.006730088511238713,-0.006740088511238713,0.007053444494905428,-0.007063444494905428,0.010252342984206658,-0.010262342984206658,0.01150135194321647,-0.01151135194321647,0.008687486885258194,-0.008697486885258194,0.013629652763452238,-0.013639652763452238,0.006986468924917583,-0.006996468924917582
56,SPAG16,-0.0029124547727424066,0.0029024547727424066,0.0053503817293493044,-0.005360381729349304,-0.001430794665229107,0.001420794665229107,,,,,,,,
57,VWC2L,-0.0007470908019948652,0.0007370908019948652,-0.0016057129206103332,0.0015957129206103332,0.012612314881394776,-0.012622314881394776,0.004774120387783742,-0.004784120387783742,,,,,-0.007055810761155273,0.007045810761155274
58,BARD1,0.005680575457236034,-0.0056905754572360336,0.006417699744962729,-0.006427699744962729,0.005548898425376633,-0.005558898425376633,0.008852006630820877,-0.008862006630820877,-0.010456201997241912,0.010446201997241913,0.01049095808030183,-0.010500958080301829,-0.0026274472691703993,0.0026174472691703993
59,FN1,0.01200779243672459,-0.01201779243672459,0.0055968632104570065,-0.005606863210457006,0.003942749834444953,-0.0039527498344449526,0.012225008203222948,-0.012235008203222947,0.010812324303808518,-0.010822324303808518,0.011376828678049733,-0.011386828678049733,0.0036156252234494923,-0.0036256252234494924
60,MARCH4,0.007126118409841856,-0.007136118409841855,-0.019470132738701927,0.019460132738701928,0.004805654337752235,-0.004815654337752235,0.012249996502624913,-0.012259996502624913,0.011402703965501679,-0.011412703965501678,0.004342064228314749,-0.004352064228314748,0.005962437252263489,-0.0059724372522634885
61,IGFBP2,0.006864330757128959,-0.006874330757128958,0.004945994331786843,-0.004955994331786843,0.005889046607773882,-0.005899046607773881,0.011084320759030875,-0.011094320759030874,0.006094720115990479,-0.006104720115990479,0.008087288972340859,-0.008097288972340858,0.00516325122878214,-0.005173251228782139
62,IGFBP5,0.008607198752082296,-0.008617198752082295,0.007550987840059101,-0.0075609878400591,0.010014677939304814,-0.010024677939304814,0.013224147318211019,-0.013234147318211018,0.01390493958843908,-0.01391493958843908,0.008711073327796248,-0.008721073327796248,0.006945960507460887,-0.006955960507460886
63,TNS1,0.0020919902853380606,-0.0021019902853380607,0.007527053480343757,-0.007537053480343756,0.010597162894653234,-0.010607162894653233,-0.024609911308630522,0.024599911308630523,0.009065804320884788,-0.009075804320884787,0.014025299859381973,-0.014035299859381973,0.010077921038557258,-0.010087921038557258
64,PLCD4,-0.005308493620259286,0.005298493620259286,0.005217615047076088,-0.0052276150470760875,0.010518288252003002,-0.010528288252003002,-0.031450906786693475,0.03144090678669347,0.01098607508417209,-0.01099607508417209,0.012151005077575217,-0.012161005077575216,0.0009915935533923656,-0.0010015935533923656
65,SCG2,0.005861623442688674,-0.005871623442688673,0.0019396546401357004,-0.0019496546401357004,0.0005314006339560834,-0.0005414006339560834,,,0.005723061331011442,-0.005733061331011442,,,-0.0030309800599847003,0.0030209800599847003
66,SERPINE2,0.003366808924575193,-0.003376808924575193,0.007463131309851781,-0.0074731313098517806,0.008087358379277362,-0.008097358379277362,0.0030028658192543384,-0.0030128658192543384,-0.004853859928620113,0.004843859928620114,-0.006280073395621005,0.006270073395621006,-0.0006561176963818666,0.0006461176963818665
67,DOCK10,-0.025793747066619875,0.025783747066619876,0.007395356242015455,-0.007405356242015455,-0.029781302373596927,0.029771302373596927,0.007244542527227907,-0.007254542527227906,0.004939494173265113,-0.004949494173265113,0.005609862487850004,-0.005619862487850003,0.00761492075319882,-0.00762492075319882
68,NYAP2,0.005437085474283843,-0.005447085474283842,0.010466482414112924,-0.010476482414112923,0.004485037815812623,-0.004495037815812623,0.007707806807199541,-0.0077178068071995405,0.006771795344997028,-0.006781795344997028,0.011678292042832814,-0.011688292042832813,0.006962870027038215,-0.0069728700270382145
69,IRS1,0.006141244150611555,-0.006151244150611555,0.004801560128284588,-0.004811560128284587,0.01127151785766868,-0.01128151785766868,0.010229407806402552,-0.010239407806402551,0.009124497130677617,-0.009134497130677616,0.011958195076709907,-0.011968195076709907,0.0058335117170112555,-0.005843511717011255
70,RHBDD1,0.003190610398893845,-0.003200610398893845,0.008186410074992378,-0.008196410074992378,0.0006048085586005808,-0.0006148085586005808,0.009088394873307981,-0.00909839487330798,0.009833717525122965,-0.009843717525122964,0.01198920832707677,-0.01199920832707677,0.005846238516680521,-0.005856238516680521
71,COL4A4,-0.011700418880903424,0.011690418880903424,0.007214168886212929,-0.007224168886212929,-0.030058984286675007,0.030048984286675007,,,0.010252126150243804,-0.010262126150243803,-0.032373506864818165,0.03236350686481816,0.0036518454231911496,-0.0036618454231911496
72,SPHKAP,0.010816553964174538,-0.010826553964174538,0.002065745886642059,-0.002075745886642059,0.009246280705285922,-0.009256280705285922,0.010895198810539394,-0.010905198810539394,0.01063785000576277,-0.010647850005762769,0.008952407592828643,-0.008962407592828642,0.0039083012954250484,-0.003918301295425048
73,PID1,0.010807313256513643,-0.010817313256513642,0.003558144784475803,-0.003568144784475803,0.009560020010584286,-0.009570020010584285,0.005301258071227485,-0.005311258071227485,0.008592231154626803,-0.008602231154626803,0.011524434559059077,-0.011534434559059076,0.006395481977848574,-0.006405481977848574
74,DNER,0.0065990301254537365,-0.006609030125453736,0.007140055059807984,-0.007150055059807984,0.007751212184396561,-0.0077612121843965605,0.008671667619076673,-0.008681667619076672,0.007950703158662184,-0.007960703158662184,0.013018384640470337,-0.013028384640470337,0.006833541599881018,-0.006843541599881018
75,HJURP,0.003990790719438406,-0.004000790719438405,0.003925382772557176,-0.003935382772557176,0.004421047661085448,-0.004431047661085447,0.009509545306201447,-0.009519545306201447,0.00602782386345832,-0.00603782386345832,0.012074980388669429,-0.012084980388669429,0.004681155205126644,-0.004691155205126644
76,ASB18,-0.00422042652701049,0.0042104265270104906,-0.019695142789657602,0.019685142789657602,,,,,,,-0.02974547372543987,0.02973547372543987,,
77,ACKR3,-0.005897962854521779,0.00588796285452178,0.00609871701251298,-0.00610871701251298,0.005340073513432145,-0.005350073513432144,0.010762388639719234,-0.010772388639719233,0.011303512169393952,-0.011313512169393952,,,0.003575208790564305,-0.003585208790564305
78,SNED1,-0.008592741690133882,0.008582741690133882,0.007201908919484676,-0.007211908919484675,0.005002554772417067,-0.005012554772417067,,,,,0.007076360019491204,-0.007086360019491204,-0.013844556570064337,0.013834556570064337
79,ST8SIA4,0.006674885299866207,-0.006684885299866206,0.00705969481415393,-0.00706969481415393,0.0073395089976101835,-0.007349508997610183,0.010304637957242374,-0.010314637957242374,0.005686870560811436,-0.005696870560811435,0.007822372269165323,-0.007832372269165323,0.0038700930515036813,-0.0038800930515036814
80,PAM,0.005546829928761432,-0.005556829928761432,0.004586085436523349,-0.0045960854365233485,0.009755351287045647,-0.009765351287045646,0.009812769982172967,-0.009822769982172967,0.0034190523221952485,-0.0034290523221952485,0.005784855860459168,-0.005794855860459167,0.008374615098754257,-0.008384615098754256
81,CNTNAP5B,0.006547612565842784,-0.006557612565842783,-0.01335798600664885,0.01334798600664885,0.011685545983181625,-0.011695545983181625,0.006628070760225244,-0.006638070760225243,0.008001659849094338,-0.008011659849094337,0.003209285310186466,-0.003219285310186466,-0.0011892183646516202,0.0011792183646516202
82,CDH20,0.0006050294951261553,-0.0006150294951261554,0.007605730726010701,-0.007615730726010701,0.0033187915843983923,-0.0033287915843983923,0.009678579211728933,-0.009688579211728932,0.004846738978718318,-0.0048567389787183175,0.00790074938482288,-0.00791074938482288,,
83,BCL2,0.006217151612733188,-0.006227151612733187,0.006363536218605692,-0.006373536218605692,0.005716854301022825,-0.005726854301022825,0.010953133823954936,-0.010963133823954935,0.012657854703196358,-0.012667854703196358,0.010382497917848538,-0.010392497917848537,0.00573513537363822,-0.0057451353736382195
84,CDH7,0.006991276148418241,-0.00700127614841824,0.004047386537651687,-0.004057386537651687,0.00840657963520669,-0.00841657963520669,0.0013456602729299827,-0.0013556602729299827,0.010890157780220094,-0.010900157780220094,0.008064610370028522,-0.008074610370028521,0.0024828267666749462,-0.0024928267666749463
85,CNTNAP5A,0.011344942022399704,-0.011354942022399703,-0.010714025318651801,0.010704025318651802,0.011384216256209514,-0.011394216256209514,0.00037697277219833625,-0.0003869727721983363,0.009025036264076705,-0.009035036264076705,-0.020303736158730365,0.020293736158730365,0.005278666744069654,-0.005288666744069654
86,GLI2,-0.009666618267135642,0.009656618267135642,0.004089598572271869,-0.004099598572271868,0.002009841761183767,-0.002019841761183767,0.010056180951973581,-0.01006618095197358,0.011811099439141631,-0.011821099439141631,0.009501367721003004,-0.009511367721003004,0.006776885662996182,-0.006786885662996182
87,EPB41L5,0.009926505708145794,-0.009936505708145794,0.007798562388545399,-0.007808562388545399,0.013357461715610586,-0.013367461715610585,0.006353744863415181,-0.006363744863415181,0.008655396392433026,-0.008665396392433026,0.010531049379738325,-0.010541049379738324,0.008641355141102938,-0.008651355141102938
88,SCTR,,,0.0024521271730336136,-0.0024621271730336136,,,-0.027209538415445142,0.027199538415445142,0.005879491120293304,-0.005889491120293303,-0.005179649792483823,0.0051696497924838235,,
89,DBI,0.00454744960612781,-0.004557449606127809,0.0035464626072351374,-0.0035564626072351374,0.007626297289194742,-0.007636297289194741,0.009029145323740814,-0.009039145323740814,0.0055850296344877315,-0.005595029634487731,0.00887259335128815,-0.008882593351288149,0.005077636276702421,-0.005087636276702421
90,CELRR,-0.03428582210443364,0.03427582210443364,0.003204617873775212,-0.003214617873775212,,,,,,,,,,
91,DPP10,0.008630435028142092,-0.008640435028142091,0.00272944926423746,-0.00273944926423746,0.007943978137466598,-0.007953978137466598,0.013192181163152433,-0.013202181163152433,0.010258586361407154,-0.010268586361407154,0.005818218275822573,-0.005828218275822573,0.006904630514072599,-0.0069146305140725985
92,TMEM163,0.0007659740087911093,-0.0007759740087911094,0.008801059289512497,-0.008811059289512497,0.009302388044617527,-0.009312388044617526,0.009374677723373151,-0.00938467772337315,0.009020604611137142,-0.009030604611137142,0.011599201805940693,-0.011609201805940692,-0.0026873562777260177,0.0026773562777260176
93,ZRANB3,0.009799943362227267,-0.009809943362227267,0.007261296753499458,-0.007271296753499457,0.012259594081515113,-0.012269594081515112,0.008153944705847654,-0.008163944705847654,0.011649620173639255,-0.011659620173639255,0.012457887474977974,-0.012467887474977974,0.0051774778304780195,-0.005187477830478019
94,MCM6,0.009031806837595052,-0.009041806837595052,0.006676979088228535,-0.006686979088228535,0.009363872766754475,-0.009373872766754474,0.009495097395676944,-0.009505097395676943,0.00895297992716089,-0.008962979927160889,0.009369129063606318,-0.009379129063606318,0.005811466210661163,-0.005821466210661163
95,THSD7B,0.01125589552472843,-0.011265895524728429,0.00726549658170865,-0.007275496581708649,0.013976913997334348,-0.013986913997334347,,,0.012754745518070112,-0.012764745518070112,0.009573090184385805,-0.009583090184385804,0.00464183648609498,-0.00465183648609498
96,GM16083,0.010921419611744629,-0.010931419611744628,0.003309281734917985,-0.003319281734917985,0.013741765801355124,-0.013751765801355124,0.006169163125330182,-0.006179163125330182,0.010620521165776567,-0.010630521165776567,,,0.003071390875075984,-0.003081390875075984
97,SOX13,-0.02351747233379866,0.02350747233379866,0.0069805980988847105,-0.00699059809888471,-0.013294521120937555,0.013284521120937556,,,,,-0.04512432709496543,0.04511432709496543,-0.020704351862229506,0.020694351862229506
98,BTG2,0.005283486643594695,-0.005293486643594695,0.0055712248117113505,-0.00558122481171135,0.010057101717129452,-0.010067101717129451,0.012466199844433923,-0.012476199844433922,0.00970283968670034,-0.00971283968670034,0.006934350965219521,-0.006944350965219521,0.008494468583673885,-0.008504468583673885
99,KIF14,-0.02260824850383701,0.02259824850383701,0.006647898897465532,-0.006657898897465531,-0.003901920084228905,0.0038919200842289048,0.007905156380929729,-0.007915156380929728,0.007900093197017663,-0.007910093197017663,,,,
100,NEK7,-0.01413891109327306,0.01412891109327306,0.006811677674475561,-0.00682167767447556,0.0026231631672168076,-0.0026331631672168077,-0.016543453488688034,0.016533453488688035,0.006968145811858686,-0.006978145811858686,0.012476774711058153,-0.012486774711058152,0.007635434815962239,-0.007645434815962238
101,LHX9,-0.005517904560401354,0.005507904560401355,0.003952962415668476,-0.003962962415668476,-0.009637988991137186,0.009627988991137187,0.005945846176397818,-0.005955846176397817,0.013473904249361422,-0.013483904249361422,0.010958865986942665,-0.010968865986942664,0.006460913605761273,-0.006470913605761273
102,CRB1,0.00764245455913172,-0.00765245455913172,0.015751796027442727,-0.015761796027442727,,,,,0.007537594247029239,-0.0075475942470292386,0.004765272556191191,-0.004775272556191191,-0.011282944640591382,0.011272944640591382
103,ASPM,0.005535171301842459,-0.005545171301842459,0.005472125055735633,-0.005482125055735632,0.003623746203486225,-0.003633746203486225,-0.005246618901618469,0.005236618901618469,0.0037055924940303797,-0.0037155924940303797,,,0.00308020679097136,-0.00309020679097136
104,KCNT2,0.00827488899487476,-0.00828488899487476,0.005947382138815613,-0.005957382138815612,0.009518171546737883,-0.009528171546737883,0.006771017490389608,-0.006781017490389608,0.01150953307563124,-0.01151953307563124,0.009810973489006669,-0.009820973489006669,0.0057733993130502995,-0.005783399313050299
105,B3GALT2,0.01119287634137163,-0.01120287634137163,0.005091076151255633,-0.0051010761512556325,0.009072310267039294,-0.009082310267039293,0.010210513907587065,-0.010220513907587065,0.015301975957774105,-0.015311975957774105,0.008128296938637189,-0.008138296938637189,0.005695002068643956,-0.005705002068643956
106,GM29514,,,0.0012095083317669175,-0.0012195083317669175,0.009816521731956629,-0.009826521731956629,0.00472000032409868,-0.00473000032409868,,,,,,
107,BRINP3,-0.04615439761616512,0.046144397616165116,0.004113980635825076,-0.004123980635825076,0.008089315239702383,-0.008099315239702382,0.00472000032409868,-0.00473000032409868,,,,,0.0006637069862273637,-0.0006737069862273637
108,HMCN1,,,0.0046720226114428665,-0.004682022611442866,-0.003694097149934239,0.003684097149934239,0.01590184469943101,-0.01591184469943101,0.01117999943758391,-0.01118999943758391,0.006434796375558105,-0.006444796375558105,0.0015465246800126647,-0.0015565246800126648
109,COLGALT2,-0.01679026035166256,0.016780260351662562,0.009881773745261585,-0.009891773745261585,0.009339715380338523,-0.009349715380338523,0.012029605252157377,-0.012039605252157377,0.009969483949355727,-0.009979483949355727,0.0022072973938967178,-0.0022172973938967178,-0.006042271142557586,0.006032271142557586
110,RGL1,0.0047568210977342595,-0.004766821097734259,0.00857257591118206,-0.008582575911182059,0.007434995447402323,-0.007444995447402323,0.010021492187654302,-0.010031492187654301,0.008247388328736949,-0.008257388328736948,0.010699244101748218,-0.010709244101748217,0.00493122059322211,-0.00494122059322211
111,NPL,0.0014659635056639836,-0.0014759635056639836,0.0033383035594751476,-0.0033483035594751476,0.0021797452723626848,-0.002189745272362685,0.006593051119238455,-0.006603051119238455,,,,,,
112,RGS8,0.0012468426327235799,-0.00125684263272358,0.0018288643359340162,-0.0018388643359340162,-0.0002993154976047574,0.00028931549760475737,,,0.01008619961159661,-0.01009619961159661,,,,
113,CACNA1E,0.00792749886786262,-0.00793749886786262,0.006079576862371219,-0.006089576862371219,0.00453090956270262,-0.00454090956270262,0.009763806555839263,-0.009773806555839263,0.01025722622233996,-0.01026722622233996,0.00890844233671062,-0.00891844233671062,0.007466649640557682,-0.007476649640557682
114,FAM163A,-0.02277517060110114,0.02276517060110114,-0.00438895316972121,0.004378953169721211,0.009858899622414152,-0.009868899622414152,0.0044232058255148365,-0.004433205825514836,0.008080713023707317,-0.008090713023707317,-0.002547347370149,0.002537347370149,0.006898859259291727,-0.006908859259291727
115,CRYZL2,0.012718748066492189,-0.012728748066492188,0.0013045173729538811,-0.0013145173729538812,,,,,,,0.0023963537030695647,-0.0024063537030695648,,
116,BRINP2,0.00664937072123685,-0.006659370721236849,0.005190073046268992,-0.005200073046268992,0.007438431265709339,-0.007448431265709338,0.011855737219026233,-0.011865737219026232,0.0069171761818787175,-0.006927176181878717,0.012591850254874498,-0.012601850254874498,0.004948943716650812,-0.004958943716650812
117,PAPPA2,0.0032206676383421673,-0.0032306676383421673,0.006333069274758157,-0.006343069274758157,0.007808259717015986,-0.007818259717015986,,,-0.001434915400697248,0.001424915400697248,0.008915224615710773,-0.008925224615710773,0.005910875712319061,-0.00592087571231906
118,TNR,0.00836081747024714,-0.008370817470247139,0.006518082290810162,-0.006528082290810162,0.007125857543464009,-0.007135857543464009,0.009418874633200208,-0.009428874633200208,0.009618567746448675,-0.009628567746448675,-0.005211797782744491,0.005201797782744492,0.0059627447504777,-0.005972744750477699
119,PRRX1,0.0005875186635653784,-0.0005975186635653784,0.008806890625164598,-0.008816890625164598,-0.0032523654836155574,0.0032423654836155574,,,0.010083865570323688,-0.010093865570323688,0.010605675703732234,-0.010615675703732234,0.006791393178617058,-0.006801393178617058
120,ATP1B1,0.006210051788012122,-0.006220051788012122,0.006159685657851827,-0.006169685657851826,0.0044370934454504435,-0.004447093445450443,0.009460100405887822,-0.009470100405887822,0.009995627307091859,-0.010005627307091858,0.009748755246390989,-0.009758755246390988,0.0053470943051038555,-0.005357094305103855
121,CD247,,,0.007429401506627353,-0.007439401506627353,0.009089496653698348,-0.009099496653698348,,,0.011692072149767793,-0.011702072149767793,-0.0001767198890023497,0.0001667198890023497,,
122,ILDR2,-0.0037347002659586515,0.0037247002659586514,0.00804053657584207,-0.008050536575842069,0.013742451428365193,-0.013752451428365193,0.008168009787094005,-0.008178009787094005,,,0.012261769502596526,-0.012271769502596525,0.008318911270723782,-0.008328911270723782
123,NUF2,0.002293964105654217,-0.002303964105654217,0.008150119409707113,-0.008160119409707112,0.007535039221446757,-0.007545039221446757,-0.0005415850217040524,0.0005315850217040524,-0.0035246046601299375,0.0035146046601299374,,,,
124,RGS5,,,0.0032109545016932237,-0.0032209545016932237,,,,,,,,,,
125,RGS4,-0.007813334828840168,0.007803334828840169,0.0014550080913237201,-0.0014650080913237201,0.012566236416695811,-0.01257623641669581,,,-0.005379144738541383,0.005369144738541384,,,0.004171425444795332,-0.0041814254447953315
126,CCDC190,,,0.008135685855600733,-0.008145685855600732,,,,,,,,,,
127,DDR2,0.003656631569337307,-0.003666631569337307,0.006137061118935264,-0.006147061118935263,,,,,0.009195826015353362,-0.009205826015353361,,,,
128,ATP1A2,-0.003458412077319478,0.003448412077319478,0.005651248133965184,-0.005661248133965183,0.008664658580459575,-0.008674658580459575,,,0.003818281186370176,-0.003828281186370176,0.014234979220189625,-0.014244979220189625,-0.01028474736763535,0.01027474736763535
129,KCNJ10,-0.009554040652332209,0.00954404065233221,0.008482079290232786,-0.008492079290232785,0.013587099148883036,-0.013597099148883036,0.010519598890415635,-0.010529598890415635,0.01159248135747936,-0.01160248135747936,0.014288256087022583,-0.014298256087022582,,
130,TAGLN2,0.0023151209502110387,-0.0023251209502110387,0.007394623206506953,-0.007404623206506953,-0.0004904747352231509,0.00048047473522315086,0.0025904488294391653,-0.0026004488294391653,0.009937887057883676,-0.009947887057883676,0.008223170598928117,-0.008233170598928117,-0.0009521233609554036,0.0009421233609554036
131,AIM2,0.015131311621364732,-0.015141311621364732,0.00674179752162439,-0.00675179752162439,0.004498950046422409,-0.004508950046422409,,,-0.005652038010796487,0.005642038010796487,0.009727656881192856,-0.009737656881192856,0.0015178275568232535,-0.0015278275568232536
132,RGS7,0.007986444534160031,-0.00799644453416003,0.006974616988529206,-0.0069846169885292055,0.006415896254424791,-0.006425896254424791,0.007107313011435051,-0.007117313011435051,0.011083884372263625,-0.011093884372263624,0.00056908452776816,-0.00057908452776816,0.007510822069141873,-0.007520822069141873
133,EXO1,-0.008915112632064986,0.008905112632064987,0.006507526257655771,-0.006517526257655771,0.0021490238657772553,-0.0021590238657772554,,,-0.0020276119709684015,0.0020176119709684015,,,,
134,PLD5,-0.005157207152075224,0.005147207152075225,-0.002182312782990886,0.002172312782990886,,,0.0019021871617231068,-0.0019121871617231068,0.008104462889657799,-0.008114462889657798,,,-0.00015911198611495703,0.00014911198611495703
135,KIF26B,0.004776351642499718,-0.004786351642499718,0.0049791573320086685,-0.004989157332008668,0.006550409703702589,-0.006560409703702589,0.013454290377489256,-0.013464290377489255,0.009590234715348422,-0.009600234715348422,0.009733667094590101,-0.0097436670945901,0.0063272823289172025,-0.006337282328917202
136,ITPKB,0.0024091991950047076,-0.0024191991950047076,0.007629726670865422,-0.007639726670865422,0.00437529989380514,-0.00438529989380514,0.00543780511622087,-0.00544780511622087,0.009897411373063408,-0.009907411373063408,0.0013654865348759482,-0.0013754865348759482,0.0028988298762828296,-0.0029088298762828296
137,CNIH3,0.012517937918000668,-0.012527937918000668,0.00868619353439283,-0.00869619353439283,0.007022535066276009,-0.0070325350662760085,0.012078096179897593,-0.012088096179897593,0.012702756703609153,-0.012712756703609152,0.0069653662008098,-0.0069753662008097995,0.0049595663170508425,-0.004969566317050842
138,SUSD4,0.009614033313958159,-0.009624033313958159,-0.0028408065368903113,0.0028308065368903112,0.007376050998386882,-0.007386050998386882,0.010532725088605296,-0.010542725088605296,0.007862108491287323,-0.007872108491287323,0.007475118519347443,-0.0074851185193474425,0.007989369247972132,-0.007999369247972132
139,DUSP10,-0.0062663523908254234,0.006256352390825424,0.005397310060081262,-0.005407310060081261,0.015329760005040577,-0.015339760005040576,0.0035808734516334234,-0.0035908734516334234,0.005525754643017716,-0.005535754643017716,0.01276230463760672,-0.012772304637606719,-0.009804111246789565,0.009794111246789566
140,SLC30A10,0.0075321012009162,-0.007542101200916199,0.004478635343181214,-0.004488635343181214,0.011597674830448754,-0.011607674830448753,0.00744594128857036,-0.007455941288570359,0.009435538056009052,-0.009445538056009051,0.01047955820468563,-0.010489558204685629,0.0026951457437955906,-0.0027051457437955906
141,TGFB2,0.005343429261503371,-0.005353429261503371,0.005852411111834058,-0.005862411111834057,0.004678529267477485,-0.004688529267477485,0.010718142689557258,-0.010728142689557258,0.01245977607623494,-0.01246977607623494,0.007057856875451796,-0.007067856875451795,0.005036675618749251,-0.00504667561874925
142,SPATA17,,,0.0011569747108520073,-0.0011669747108520073,,,,,,,,,,
143,ESRRG,0.01021249346556563,-0.01022249346556563,0.0030086325376835893,-0.0030186325376835893,0.00897795900851417,-0.008987959008514169,,,0.006028355564860005,-0.006038355564860005,,,0.0015897590985197163,-0.0015997590985197163
144,KCNK2,0.005221141443270225,-0.005231141443270224,0.005619206558753614,-0.005629206558753614,0.005976095285456187,-0.005986095285456187,0.009827565047460823,-0.009837565047460823,0.005393624295543867,-0.005403624295543866,0.009216251271091921,-0.009226251271091921,0.006999606626372348,-0.007009606626372348
145,CENPF,0.01119081341860878,-0.01120081341860878,0.005047091531696801,-0.005057091531696801,0.0025607653613331782,-0.0025707653613331783,0.004747012571101661,-0.0047570125711016605,0.013642833919804129,-0.013652833919804128,0.013953177424408589,-0.013963177424408588,-0.0007640733608873587,0.0007540733608873587
146,PROX1,-0.006135629943251952,0.006125629943251953,0.006477728264436655,-0.006487728264436655,0.005776666269458455,-0.005786666269458455,-0.04057807174975112,0.04056807174975112,0.011807424788892754,-0.011817424788892753,0.010598205805117972,-0.010608205805117971,0.009805461063182488,-0.009815461063182488
147,PROX1OS,-0.014400639160588632,0.014390639160588633,-0.003899854679988976,0.003889854679988976,-0.000520294741391869,0.000510294741391869,,,0.005708607305975694,-0.005718607305975693,0.011843150546503839,-0.011853150546503839,0.010685318529291651,-0.010695318529291651
148,DTL,0.005484127894525764,-0.005494127894525764,0.004208480110865068,-0.004218480110865067,0.015387542904403168,-0.015397542904403167,0.005884004803987222,-0.005894004803987222,0.017132824931764552,-0.017142824931764552,0.012793114242356324,-0.012803114242356323,0.005700052851469552,-0.005710052851469551
149,KCNH1,0.012377406613714823,-0.012387406613714822,-0.020457494673965772,0.020447494673965772,0.010854956015082864,-0.010864956015082864,0.00906647791945181,-0.00907647791945181,0.010775450607002982,-0.010785450607002981,,,0.0035444107354668727,-0.0035544107354668728
150,CR2,0.000681997801285375,-0.000691997801285375,,,,,0.007553627368277985,-0.007563627368277984,,,0.006809087389022278,-0.006819087389022278,-0.01267201501494264,0.01266201501494264
151,BEND7,0.003693596707048108,-0.003703596707048108,0.006505024906939022,-0.006515024906939022,0.0061842776478252814,-0.006194277647825281,0.0015411209986823243,-0.0015511209986823244,0.013217428004434997,-0.013227428004434997,0.012051747241019789,-0.012061747241019789,0.005834997429782635,-0.005844997429782634
152,MCM10,-0.030655065847401623,0.030645065847401624,0.005711742427262009,-0.005721742427262009,0.0010431791163621335,-0.0010531791163621335,,,0.005079816989797932,-0.005089816989797932,,,,
153,CAMK1D,0.003447583654189068,-0.003457583654189068,0.0036524209676177116,-0.0036624209676177116,0.003898162281702311,-0.0039081622817023105,0.008806348488376428,-0.008816348488376428,0.004174285766164049,-0.004184285766164048,0.009605814577067842,-0.009615814577067842,0.005383645583663249,-0.005393645583663249
154,PTER,-0.005828942911137058,0.005818942911137059,0.008162717249607404,-0.008172717249607404,,,,,,,0.01059939238752744,-0.01060939238752744,,
155,C1QL3,0.014161050182680324,-0.014171050182680323,0.006539439119915905,-0.006549439119915904,-0.007868189907962134,0.007858189907962134,0.01295602601413845,-0.01296602601413845,0.008164107475457275,-0.008174107475457274,0.009664630425263054,-0.009674630425263054,-0.005199122697174041,0.005189122697174042
156,VIM,0.007123091060066852,-0.007133091060066852,0.0032889792402560347,-0.0032989792402560347,0.006651369465075441,-0.00666136946507544,0.007892472709098236,-0.007902472709098236,0.007110258524969465,-0.007120258524969465,0.011880234101089085,-0.011890234101089085,0.00601048422469716,-0.00602048422469716
157,CACNB2,0.008133579262568122,-0.008143579262568122,0.00847733109923303,-0.008487331099233029,0.005984567675681507,-0.0059945676756815065,0.010696921051069966,-0.010706921051069965,0.012876395120075185,-0.012886395120075184,-0.0034854677340176166,0.0034754677340176165,0.002790386338022352,-0.002800386338022352
158,PLXDC2,0.010029176015111121,-0.010039176015111121,0.00530181629876722,-0.00531181629876722,0.009357508215234928,-0.009367508215234927,0.007872568703367583,-0.007882568703367582,0.0120196348374811,-0.0120296348374811,0.010484297685801697,-0.010494297685801696,0.006437748315108682,-0.006447748315108682
159,NEBL,0.009970917184176378,-0.009980917184176378,0.007701920025786013,-0.007711920025786013,0.010371783264314677,-0.010381783264314676,0.009727979270571313,-0.009737979270571313,0.007154388293268199,-0.007164388293268199,,,0.009137173438088578,-0.009147173438088577
160,ETL4,0.007577537854788083,-0.007587537854788082,0.008301968304203489,-0.008311968304203488,0.008745448011538245,-0.008755448011538245,0.009393850015620486,-0.009403850015620486,,,0.0077462979095031664,-0.007756297909503166,,
161,ENKUR,0.00984684427283665,-0.009856844272836649,0.005330310073313971,-0.00534031007331397,0.006867870999844081,-0.00687787099984408,,,0.01172633533342958,-0.01173633533342958,0.008896157991079554,-0.008906157991079553,0.0033063070987024434,-0.0033163070987024435
162,GPR158,0.008803790504035625,-0.008813790504035624,0.005988465277833865,-0.005998465277833865,0.0066545252145045475,-0.006664525214504547,0.01656725175561717,-0.01657725175561717,0.00865173187782367,-0.00866173187782367,0.006360698305679827,-0.006370698305679826,0.007581023564850714,-0.007591023564850714
163,GAD2,-8.139997582111425e-05,7.139997582111425e-05,0.008009954828805316,-0.008019954828805315,0.008666046046601636,-0.008676046046601636,0.006808858910959142,-0.006818858910959142,0.010001358685993889,-0.010011358685993888,0.0026775118487199906,-0.0026875118487199906,0.005421903878325529,-0.005431903878325529
164,MASTL,0.0003679284151416745,-0.00037792841514167454,0.004764035457410151,-0.004774035457410151,0.005748962393092999,-0.0057589623930929985,0.01225954418435482,-0.01226954418435482,0.012557606783925923,-0.012567606783925923,0.012219242103427716,-0.012229242103427716,0.005559029263769277,-0.005569029263769277
165,PNPLA7,0.012769316875123088,-0.012779316875123087,0.0066331055700312724,-0.006643105570031272,0.01390043826188564,-0.013910438261885639,0.0019492314881027206,-0.0019592314881027206,0.00897847556449577,-0.008988475564495769,0.014744603995861832,-0.014754603995861832,0.007016035590951139,-0.007026035590951139
166,TUBB4B,0.005278119934481351,-0.005288119934481351,0.005184797319000997,-0.005194797319000997,0.005837243131917455,-0.005847243131917455,0.010964921872760824,-0.010974921872760824,0.007048174707947469,-0.007058174707947468,0.008907553460657941,-0.00891755346065794,0.005939836549727344,-0.0059498365497273435
167,GRIN1,0.008293299701410767,-0.008303299701410766,0.002728758996600064,-0.002738758996600064,0.005955366651466176,-0.005965366651466176,0.006238036732272759,-0.006248036732272758,0.008959985537643766,-0.008969985537643766,0.011445258903411831,-0.011455258903411831,0.004186661796379859,-0.004196661796379859
168,ENTPD2,,,0.008092437504176361,-0.008102437504176361,-0.0006697211481250104,0.0006597211481250104,0.0011776313946202238,-0.0011876313946202238,-0.031879710558476736,0.03186971055847673,,,,
169,PTGDS,,,0.009007778092379376,-0.009017778092379376,-0.021425565656991337,0.021415565656991337,,,-0.008051070218220789,0.00804107021822079,0.010702796037610582,-0.010712796037610581,,
170,NOTCH1,-0.0028634920962882643,0.0028534920962882643,0.004927712491204564,-0.0049377124912045635,0.005769115271260186,-0.005779115271260186,0.004763312111140214,-0.004773312111140213,0.011252021282791638,-0.011262021282791638,0.008533567842625198,-0.008543567842625197,0.006611229492382353,-0.006621229492382353
171,EGFL7,-0.003968384323913901,0.0039583843239139015,0.0007034814599851669,-0.0007134814599851669,0.004529707925396045,-0.004539707925396045,,,,,,,0.003341458342130274,-0.003351458342130274
172,NTNG2,0.005320972792905679,-0.005330972792905678,0.00768820785578099,-0.00769820785578099,0.009327127365320806,-0.009337127365320805,0.009423433718218063,-0.009433433718218063,0.006956122611329982,-0.006966122611329981,0.010658956220628305,-0.010668956220628304,0.0037311095799473087,-0.0037411095799473088
173,GM13403,-0.02424598181410638,0.02423598181410638,-0.0022390157709953062,0.002229015770995306,-0.008476528472157088,0.008466528472157089,0.00948486731035908,-0.00949486731035908,0.011755287334283007,-0.011765287334283007,0.010973082041803806,-0.010983082041803805,-0.026009304073395793,0.025999304073395794
174,PBX3,0.010507400570893152,-0.010517400570893152,0.00426188194735834,-0.004271881947358339,0.007594906574962881,-0.007604906574962881,0.013550169065405779,-0.013560169065405778,0.007725700339445182,-0.007735700339445182,0.007247056141966218,-0.007257056141966218,0.00631678674140574,-0.00632678674140574
175,C79798,,,0.005186135367617584,-0.005196135367617583,0.008829535560841248,-0.008839535560841248,-0.006099245276854258,0.006089245276854258,0.010820816802563055,-0.010830816802563054,0.011737887920066997,-0.011747887920066997,,
176,HSPA5,0.0037546322241732155,-0.0037646322241732155,0.0033240369676953707,-0.0033340369676953707,0.0038104809903208997,-0.0038204809903208997,0.008801281543006925,-0.008811281543006925,0.0048405527880732435,-0.004850552788073243,0.011966981181159797,-0.011976981181159797,0.00607641996613259,-0.00608641996613259
177,LHX6,0.0020472240208278536,-0.0020572240208278536,-0.0016572830748132344,0.0016472830748132344,-0.004057008300089968,0.004047008300089968,0.00615400341693037,-0.00616400341693037,0.007405290798720682,-0.007415290798720681,,,-0.009977435741288267,0.009967435741288267
178,CRB2,-0.02673638048879204,0.02672638048879204,0.005428487157230197,-0.005438487157230196,-0.026357388337749116,0.026347388337749116,0.005951876893322133,-0.005961876893322133,0.007670496181885242,-0.0076804961818852414,-0.0004395449255871764,0.00042954492558717637,0.004763870531614943,-0.0047738705316149425
179,LHX2,0.005630746125448657,-0.005640746125448657,0.005154508434577598,-0.005164508434577598,0.010963215753210687,-0.010973215753210686,0.010169225622875241,-0.010179225622875241,0.0039509581373696895,-0.003960958137369689,0.007085357961222977,-0.007095357961222976,0.0054821200765798744,-0.005492120076579874
180,NR6A1OS,0.007573964617182974,-0.0075839646171829735,0.008015870944820994,-0.008025870944820993,0.00718862296701718,-0.00719862296701718,0.011158413694164288,-0.011168413694164287,0.010106348901909992,-0.010116348901909992,0.014457628430885591,-0.01446762843088559,0.0069501452893224805,-0.00696014528932248
181,LRP1B,0.010211933896928677,-0.010221933896928676,0.007213359265932057,-0.007223359265932056,0.0073551397658157824,-0.007365139765815782,0.004399303172666,-0.004409303172665999,0.008239407315204783,-0.008249407315204783,0.01005691684126242,-0.01006691684126242,0.007007202123711059,-0.007017202123711059
182,ARHGAP15,0.007127685848354312,-0.007137685848354312,-0.01131276875532973,0.01130276875532973,0.011811484071647851,-0.011821484071647851,,,0.0027252934335743537,-0.0027352934335743537,,,0.0011627488037784656,-0.0011727488037784656
183,GM13481,0.002259778744883742,-0.002269778744883742,0.0030647456617655944,-0.0030747456617655944,0.006779709204548595,-0.006789709204548595,,,,,,,0.0034379902478053614,-0.0034479902478053615
184,LYPD6B,0.0066766100881902185,-0.006686610088190218,-0.010400029522366905,0.010390029522366905,0.003344352639527079,-0.003354352639527079,0.00798225186819694,-0.00799225186819694,0.008238994443740391,-0.00824899444374039,,,,
185,LYPD6,0.008290615803922555,-0.008300615803922554,0.006245473927864703,-0.006255473927864703,0.010636746695985869,-0.010646746695985868,0.010750584958724899,-0.010760584958724898,0.006284566668839794,-0.006294566668839794,0.013249858253380334,-0.013259858253380333,0.005680338573166847,-0.005690338573166847
186,GM13483,0.010102044936750751,-0.01011204493675075,0.007938527417191574,-0.007948527417191573,-0.01759745893586398,0.01758745893586398,0.008376107687960294,-0.008386107687960293,0.01491757354212625,-0.01492757354212625,0.009503914446064049,-0.009513914446064049,0.006799444560821481,-0.006809444560821481
187,RND3,0.011734688198386162,-0.011744688198386161,0.007945671755346065,-0.007955671755346064,0.012476475650130187,-0.012486475650130186,0.005825408950243138,-0.005835408950243138,0.008704340480358189,-0.008714340480358188,0.013953203800857475,-0.013963203800857475,0.007491599541455937,-0.007501599541455937
188,TNFAIP6,-0.013821890667802691,0.013811890667802692,0.004086982784515955,-0.004096982784515955,-0.023355340476384087,0.023345340476384088,,,0.008448914662500376,-0.008458914662500375,0.01132175407220766,-0.01133175407220766,,
189,CACNB4,0.0041393002197381845,-0.004149300219738184,0.007256513899594974,-0.007266513899594974,0.004969237390290385,-0.004979237390290384,0.009435569244920047,-0.009445569244920047,0.005619766568816104,-0.005629766568816103,0.011858521698294072,-0.011868521698294072,0.005236552200972244,-0.005246552200972244
190,RPRM,0.0073120899611291285,-0.007322089961129128,0.008148453304343092,-0.008158453304343092,0.006485735069905574,-0.006495735069905573,0.011444339481377602,-0.011454339481377602,0.011619853215378853,-0.011629853215378853,0.009800657266095317,-0.009810657266095316,0.006029093768631498,-0.006039093768631498
191,GALNT13,0.009044827005759593,-0.009054827005759592,0.0060652121161687,-0.0060752121161687,0.009711642629950251,-0.00972164262995025,0.006769745817630929,-0.0067797458176309285,0.008752131099699398,-0.008762131099699397,0.011892632201061279,-0.011902632201061279,0.004982723047457678,-0.004992723047457678
192,KCNJ3,0.007708515262820723,-0.007718515262820722,0.005402943261926127,-0.0054129432619261265,0.006526519324064145,-0.006536519324064145,0.01113325261267005,-0.01114325261267005,0.0094484102486153,-0.009458410248615299,0.010696425844727825,-0.010706425844727824,0.0056418616031256585,-0.005651861603125658
193,NR4A2,0.0037899426237315154,-0.0037999426237315154,0.006603855807695028,-0.006613855807695027,0.01073779179822014,-0.010747791798220139,0.0029035136687129842,-0.0029135136687129842,0.000854574321661708,-0.000864574321661708,-0.01986436040277914,0.01985436040277914,0.00982084387109132,-0.00983084387109132
194,TANC1,0.01358167822187041,-0.01359167822187041,0.004743113031922652,-0.004753113031922652,0.014351332982056916,-0.014361332982056916,0.008580667898206468,-0.008590667898206467,0.010669994060070229,-0.010679994060070228,0.012024850671977852,-0.012034850671977852,0.005678559510737549,-0.005688559510737549
195,RBMS1,0.010380538049150095,-0.010390538049150095,0.00545906639086266,-0.00546906639086266,0.008637635808023111,-0.008647635808023111,0.00509516376256218,-0.0051051637625621794,0.00809935902441418,-0.008109359024414179,0.009764167061721354,-0.009774167061721354,0.00519739608793382,-0.0052073960879338195
196,SLC4A10,0.008984266847398836,-0.008994266847398836,0.006870367762358512,-0.0068803677623585115,0.009023489629941595,-0.009033489629941594,0.008087231463701869,-0.008097231463701868,0.01023686790546706,-0.010246867905467059,0.0073996325864663925,-0.007409632586466392,0.004354536905711026,-0.004364536905711026
197,GCG,-0.004070627521651812,0.004060627521651813,,,,,,,0.008159567157024053,-0.008169567157024053,-0.012638136440789302,0.012628136440789303,,
198,FIGN,0.004951880653355334,-0.0049618806533553335,0.007492852224107671,-0.007502852224107671,0.012923755816515517,-0.012933755816515517,0.012422229453990366,-0.012432229453990366,0.010255541176049703,-0.010265541176049702,0.007292422896546233,-0.0073024228965462325,,
199,GRB14,0.013335662497102635,-0.013345662497102635,0.00416999829379569,-0.00417999829379569,0.00551125644294756,-0.005521256442947559,0.007196683990452854,-0.007206683990452854,0.010584595793349888,-0.010594595793349888,0.013361810613519473,-0.013371810613519473,0.006375718308056617,-0.006385718308056617
200,COBLL1,-0.005773162043548233,0.005763162043548233,0.0011849150803795727,-0.0011949150803795727,0.012365628065425543,-0.012375628065425543,,,-0.030771166865795604,0.030761166865795605,0.010371116153924081,-0.010381116153924081,-0.0004970600716279333,0.0004870600716279333
201,SCN2A,0.005992359062169106,-0.0060023590621691054,0.007583129316930129,-0.0075931293169301285,0.0060547947635861965,-0.006064794763586196,0.010045771204697226,-0.010055771204697226,0.008946858293745974,-0.008956858293745974,0.010129265771174303,-0.010139265771174303,0.005715718147080516,-0.005725718147080516
202,CSRNP3,0.004159017445013208,-0.004169017445013207,0.006524031168659225,-0.006534031168659225,0.006342046365587356,-0.006352046365587356,0.006067736966110113,-0.006077736966110112,0.006317957715633385,-0.0063279577156333845,0.01025567794893642,-0.01026567794893642,0.007434794411006376,-0.007444794411006376
203,SCN1A,0.011493866832514812,-0.011503866832514812,-0.0019453428815341123,0.0019353428815341123,0.009348171912067924,-0.009358171912067923,0.012767071648794315,-0.012777071648794314,0.008549723518431043,-0.008559723518431043,0.0040082895425076065,-0.004018289542507606,0.00262219358731839,-0.0026321935873183902
204,SCN9A,0.010505923521552607,-0.010515923521552607,-0.0370144000475195,0.037004400047519495,0.011147631246925485,-0.011157631246925485,0.013496359441492481,-0.01350635944149248,0.007392539061450029,-0.007402539061450029,0.010948887938073859,-0.010958887938073859,0.005618204369684923,-0.005628204369684923
205,B3GALT1,0.007106729009016072,-0.007116729009016071,0.006060643261539572,-0.006070643261539572,0.0061877216885242725,-0.006197721688524272,0.0009614248662473263,-0.0009714248662473263,0.007369478211703112,-0.007379478211703112,0.008000168790415346,-0.008010168790415346,0.00026688807266972425,-0.0002768880726697243
206,SPC25,-0.011334125188349961,0.011324125188349961,0.006734562343872472,-0.006744562343872471,0.00956459281193403,-0.00957459281193403,0.008266662565091829,-0.008276662565091828,0.009640168946603474,-0.009650168946603473,0.0011296732840633678,-0.0011396732840633678,0.0039566746793349775,-0.003966674679334977
207,LRP2,-0.02815483895995119,0.02814483895995119,-0.009030424239700768,0.009020424239700769,0.0008583466013948465,-0.0008683466013948466,0.012765269880590235,-0.012775269880590235,,,,,0.008401956098246122,-0.008411956098246121
208,MYO3B,,,,,,,,,,,,,,
209,GAD1,-0.0016131038709238793,0.0016031038709238793,0.0013024960693547583,-0.0013124960693547583,0.00452169458808846,-0.004531694588088459,0.007423758567647168,-0.0074337585676471675,0.009564301471546702,-0.009574301471546701,,,0.005184179475234793,-0.005194179475234793
210,CYBRD1,-0.03383422762182527,0.03382422762182527,0.00785044260458466,-0.007860442604584659,,,,,,,,,,
211,HAT1,0.008270959998265492,-0.008280959998265492,0.0019013084786904527,-0.0019113084786904527,0.013490825284736413,-0.013500825284736413,0.009286149930704632,-0.009296149930704631,0.009882103972038939,-0.009892103972038938,0.009385462279292947,-0.009395462279292947,0.004436952731272106,-0.004446952731272106
212,METAP1D,0.00706422647538664,-0.007074226475386639,0.003980178045690452,-0.003990178045690452,0.0066076229696730715,-0.006617622969673071,0.012123515723326872,-0.012133515723326872,0.009604754068678917,-0.009614754068678916,0.011522923006276276,-0.011532923006276275,0.0048231115924863704,-0.00483311159248637
213,DLX1AS,0.01203654733587635,-0.012046547335876349,0.012581024029040988,-0.012591024029040988,0.007550472237951036,-0.007560472237951036,0.007774328464923083,-0.007784328464923083,0.010602478383532482,-0.010612478383532482,0.00930332325228675,-0.009313323252286749,0.012615349446929186,-0.012625349446929186
214,DLX1,0.003985685174479961,-0.0039956851744799605,0.01228163763080549,-0.012291637630805489,0.011663521198794824,-0.011673521198794824,0.010349554537503525,-0.010359554537503524,0.0099746550707632,-0.0099846550707632,0.009754617030188317,-0.009764617030188317,0.011999052731656384,-0.012009052731656384
215,DLX2,-0.006720108989803582,0.006710108989803582,0.009543366629492608,-0.009553366629492608,0.01001011422484413,-0.01002011422484413,0.006604588119172347,-0.006614588119172347,0.012400234653834767,-0.012410234653834767,0.00709509718523095,-0.00710509718523095,0.006653165408465431,-0.00666316540846543
216,ITGA6,0.01127192600385167,-0.01128192600385167,0.009620152236208407,-0.009630152236208406,0.00980351047608917,-0.009813510476089169,0.013416173281949412,-0.013426173281949411,0.010058597719485779,-0.010068597719485779,0.014140886447704157,-0.014150886447704156,0.00843484450810418,-0.00844484450810418
217,RAPGEF4,0.0084287634493877,-0.008438763449387699,0.009173677993687804,-0.009183677993687803,0.004609166151136684,-0.004619166151136684,0.008139404829870328,-0.008149404829870328,0.009328639845751996,-0.009338639845751995,-0.0267028494409296,0.0266928494409296,0.006851234452882639,-0.006861234452882638
218,MAP3K20,0.01026280107951652,-0.01027280107951652,0.007664314096564803,-0.007674314096564803,0.005064644436500412,-0.005074644436500412,0.005606866172950642,-0.0056168661729506415,0.011451350901975105,-0.011461350901975104,0.011992872065657537,-0.012002872065657536,0.0033883178404409547,-0.0033983178404409548
219,CDCA7,0.009571916445763842,-0.009581916445763842,0.005948870111739363,-0.005958870111739362,0.0070343170280136175,-0.007044317028013617,,,0.011552453160678919,-0.011562453160678918,0.011849068412729702,-0.011859068412729701,0.006560471293802966,-0.006570471293802966
220,SP9,0.011977168294319565,-0.011987168294319565,0.009106105851819729,-0.009116105851819729,0.01082265343604806,-0.01083265343604806,-0.0054826811113319746,0.005472681111331975,0.009411374732922959,-0.009421374732922958,0.011237095961082286,-0.011247095961082285,-0.004105326268903822,0.004095326268903823
221,WIPF1,,,0.0074494585020332404,-0.00745945850203324,0.011114808266996012,-0.011124808266996012,0.009045952546819155,-0.009055952546819155,-0.011227693728773032,0.011217693728773032,0.00985224451818277,-0.00986224451818277,-0.0024214209742596665,0.0024114209742596665
222,2600014E21RIK,0.009423571229840777,-0.009433571229840777,0.007108495521032446,-0.007118495521032445,0.010144850329967384,-0.010154850329967383,0.009426785189608808,-0.009436785189608807,0.006012174410779891,-0.006022174410779891,0.012605069470153024,-0.012615069470153024,0.006095803264869928,-0.006105803264869928
223,NFE2L2,-0.03090235106076049,0.03089235106076049,0.006458216727538796,-0.006468216727538795,0.0016536876327988143,-0.0016636876327988143,-0.031182626965582383,0.031172626965582383,0.007217127978565704,-0.007227127978565704,0.014138441316044414,-0.014148441316044414,0.011395953963430322,-0.011405953963430322
224,PDE11A,-0.01693143678518555,0.01692143678518555,-0.024030254875887502,0.024020254875887503,0.017311028707183554,-0.017321028707183554,,,0.007570857294114761,-0.00758085729411476,0.005179725980031677,-0.0051897259800316765,0.005507591105836054,-0.005517591105836054
225,OSBPL6,0.0055716767959095165,-0.005581676795909516,0.007766731650734354,-0.007776731650734354,0.006813170310246891,-0.006823170310246891,0.00802912912641042,-0.00803912912641042,0.005536112661968545,-0.005546112661968545,0.008888022199575407,-0.008898022199575407,0.008781756474173924,-0.008791756474173924
226,CCDC141,0.00667629940191905,-0.00668629940191905,0.007125670045687302,-0.007135670045687301,0.015134392093632779,-0.015144392093632778,,,0.010549897852803691,-0.010559897852803691,0.011493777009168732,-0.011503777009168731,-0.007511772250844484,0.007501772250844484
227,ZFP385B,0.005745870984863413,-0.005755870984863413,0.008208222723915817,-0.008218222723915817,0.009319082420345626,-0.009329082420345625,0.01317245198608935,-0.01318245198608935,0.010183735117045414,-0.010193735117045414,0.013829128457692505,-0.013839128457692505,0.0034430513775078955,-0.0034530513775078956
228,ITGA4,0.0027034664707132755,-0.0027134664707132755,0.005878983954659564,-0.005888983954659564,0.0069110190803359645,-0.006921019080335964,,,0.013231765798364312,-0.013241765798364311,0.010954350571967877,-0.010964350571967877,0.0054637471609562255,-0.005473747160956225
229,NEUROD1,0.00776123785044841,-0.00777123785044841,0.006758914266292243,-0.006768914266292243,0.014064366992083147,-0.014074366992083146,0.010441314742027502,-0.010451314742027502,0.005352330163090446,-0.005362330163090446,0.00870461457738926,-0.00871461457738926,0.006621802710733107,-0.006631802710733107
230,PDE1A,0.009820779559111939,-0.009830779559111939,0.006119568225823185,-0.006129568225823185,0.008003562671401704,-0.008013562671401703,0.0075216282296185905,-0.00753162822961859,0.009392594220576894,-0.009402594220576894,0.01173831285071636,-0.011748312850716359,0.010358206243397658,-0.010368206243397658
231,ZFP804A,0.008434450078940572,-0.008444450078940572,0.00802501040019947,-0.00803501040019947,0.007055810949998201,-0.0070658109499982,0.008344236814336048,-0.008354236814336048,0.00845653004181103,-0.00846653004181103,0.009963398761631242,-0.009973398761631242,0.007545543558928544,-0.007555543558928544
232,ITGAV,0.004508488469265395,-0.004518488469265395,0.005951448118901484,-0.0059614481189014835,0.006527419365426695,-0.006537419365426695,-0.0059023218681606565,0.005892321868160657,0.007803695747741687,-0.007813695747741687,0.00805339315550578,-0.00806339315550578,0.009639686974075717,-0.009649686974075717
233,GM13684,,,0.00600718475979424,-0.00601718475979424,0.002874260388495281,-0.002884260388495281,,,-0.006979722266633577,0.0069697222666335774,,,,
234,CALCRL,0.0064703963336325415,-0.006480396333632541,0.007508670107415988,-0.007518670107415987,,,,,-0.006684886510197156,0.006674886510197157,0.004747909129442535,-0.004757909129442534,,
235,PTPRJ,0.0061513377775067185,-0.006161337777506718,0.004569253239229992,-0.004579253239229992,0.007727499802200707,-0.007737499802200707,0.010622419358048099,-0.010632419358048099,0.008604274217102623,-0.008614274217102622,0.007705208506329525,-0.007715208506329525,0.008206041738825998,-0.008216041738825997
236,LRP4,-0.008476465119558976,0.008466465119558977,0.0045767491109101055,-0.004586749110910105,0.0021168700869293733,-0.0021268700869293733,-0.03164668667513938,0.03163668667513938,0.011343551745987501,-0.0113535517459875,0.008636115380980247,-0.008646115380980247,0.0027831579235926412,-0.0027931579235926413
237,MDK,0.004689094898832277,-0.004699094898832277,0.004084011313794572,-0.004094011313794572,0.006313432902697563,-0.006323432902697563,0.010196636035861212,-0.010206636035861211,0.003996247809335163,-0.004006247809335162,0.010313572650234928,-0.010323572650234928,0.00624531805030025,-0.006255318050300249
238,TSPAN18,0.010723392993233424,-0.010733392993233424,0.006774572161567752,-0.006784572161567751,0.01258629049488999,-0.01259629049488999,0.0077151207977270014,-0.007725120797727001,0.00842297891756491,-0.00843297891756491,0.01751263644399781,-0.01752263644399781,0.006823723694202116,-0.006833723694202116
239,GM13889,0.004810186734982333,-0.0048201867349823325,0.005302738944252899,-0.005312738944252899,0.01862115521348133,-0.01863115521348133,0.008906091322217868,-0.008916091322217868,0.010572349446986984,-0.010582349446986983,0.010458105411247559,-0.010468105411247559,0.00781214425750279,-0.00782214425750279
240,MIR670HG,0.009465588663672753,-0.009475588663672752,0.006972095435727868,-0.006982095435727868,0.0083072328117174,-0.008317232811717399,0.013569134044342943,-0.013579134044342942,0.011591972623386473,-0.011601972623386473,0.009939916298076543,-0.009949916298076542,0.0040157353179259975,-0.004025735317925997
241,LRRC4C,0.01094714740498337,-0.01095714740498337,0.010524777941518113,-0.010534777941518112,0.004379021642366726,-0.004389021642366726,0.01138664359633991,-0.01139664359633991,0.007146363891150018,-0.007156363891150017,0.010715695078379439,-0.010725695078379439,0.005346694606789229,-0.005356694606789229
242,LDLRAD3,0.012469297697948648,-0.012479297697948647,0.005161005122567355,-0.005171005122567355,0.009747947098819348,-0.009757947098819348,0.008027874917236097,-0.008037874917236097,0.006515877209416973,-0.006525877209416973,0.012998647037422248,-0.013008647037422248,0.004623124632589931,-0.004633124632589931
243,SLC1A2,0.007044093193701459,-0.0070540931937014585,0.00448693280947729,-0.004496932809477289,0.008968255586152302,-0.008978255586152301,0.009064464339915715,-0.009074464339915714,0.011445686093430996,-0.011455686093430995,0.009893148247780412,-0.009903148247780411,0.005859065715209472,-0.005869065715209471
244,ABTB2,0.0028463674954631035,-0.0028563674954631036,0.00625735385898725,-0.006267353858987249,0.004806506424754345,-0.0048165064247543445,0.0046969592979971,-0.004706959297997099,0.011607424373285408,-0.011617424373285407,0.01571879931790225,-0.01572879931790225,0.00843923296752365,-0.008449232967523649
245,DEPDC7,-0.006580016718508497,0.006570016718508497,-0.01411573771386998,0.01410573771386998,0.007653263499793811,-0.0076632634997938105,,,,,,,0.004000281830233196,-0.004010281830233196
246,RCN1,0.006957047164813962,-0.006967047164813962,0.007667490796508775,-0.007677490796508774,0.006609602696842534,-0.006619602696842534,,,0.009745761980059386,-0.009755761980059386,0.01321405863954174,-0.01322405863954174,0.005843043264289638,-0.0058530432642896375
247,PAX6OS1,-0.028372067192727196,0.028362067192727197,0.004097064721905491,-0.004107064721905491,-0.014763342932385813,0.014753342932385814,,,0.009478964192314553,-0.009488964192314552,0.011703622070137948,-0.011713622070137947,0.005995629040560821,-0.0060056290405608205
248,PAX6,0.0014608066833204508,-0.0014708066833204509,0.00525007796828042,-0.0052600779682804195,0.01401309241373179,-0.01402309241373179,0.006477734776400304,-0.006487734776400304,0.006461067670587392,-0.006471067670587392,0.00734661049368443,-0.00735661049368443,0.006981116797367917,-0.006991116797367917
249,ELP4,0.006229163303570151,-0.006239163303570151,0.004889060379273502,-0.004899060379273502,0.006217138698939917,-0.0062271386989399165,0.00786537967330092,-0.00787537967330092,0.007889694236902597,-0.007899694236902597,0.006004415921675679,-0.006014415921675679,0.008772373052778962,-0.008782373052778961
250,MPPED2,0.0036051934631774613,-0.0036151934631774613,0.0037441864284748355,-0.0037541864284748355,0.00382255694625408,-0.00383255694625408,0.009049912964047196,-0.009059912964047196,0.005409533587971194,-0.005419533587971193,0.006317753336218687,-0.006327753336218687,0.004615217231636187,-0.004625217231636187
251,METTL15,0.008415527437552056,-0.008425527437552056,0.00877526440960709,-0.008785264409607089,0.011286092502649059,-0.011296092502649058,0.010112544213799354,-0.010122544213799354,0.011564620526856986,-0.011574620526856986,0.012101863690741385,-0.012111863690741385,0.011175217371119844,-0.011185217371119844
252,KIF18A,0.008148574618137436,-0.008158574618137435,0.008187175125783375,-0.008197175125783374,0.007069885946352036,-0.007079885946352036,0.008321041394561593,-0.008331041394561593,0.009735316113544792,-0.009745316113544792,0.009537076772293096,-0.009547076772293096,0.011946880841829502,-0.011956880841829502
253,ANO3,-0.0006949447790485092,0.0006849447790485091,0.007311441829080417,-0.007321441829080417,-0.03371093039916789,0.03370093039916789,0.007616035580875022,-0.0076260355808750215,,,,,0.011493597480415771,-0.01150359748041577
254,RYR3,0.004745762740558962,-0.0047557627405589616,0.0036631199800389036,-0.0036731199800389036,0.004588386243055229,-0.004598386243055228,0.006094103936438319,-0.006104103936438319,0.005741804784957186,-0.005751804784957185,0.006423375359648209,-0.006433375359648209,0.006556681453795982,-0.006566681453795981
255,FMN1,-0.0038430160239933814,0.0038330160239933814,-0.0036537375129523375,0.0036437375129523375,0.010016705114323635,-0.010026705114323634,,,,,,,,
256,ARHGAP11A,-0.012050806838044457,0.012040806838044458,0.0054509679167401015,-0.005460967916740101,0.005639390049847204,-0.005649390049847203,,,0.00510238809525905,-0.00511238809525905,0.006646022690130232,-0.006656022690130232,0.007375754864017134,-0.0073857548640171335
257,DPH6,0.008001706078165749,-0.008011706078165749,0.00667748664649194,-0.006687486646491939,0.008938142415502073,-0.008948142415502073,0.007913343026290112,-0.007923343026290112,0.007964224082407032,-0.007974224082407031,0.011739574264075528,-0.011749574264075528,0.00784510588938872,-0.00785510588938872
258,GM13974,0.007778204700415112,-0.007788204700415111,0.008564842370685818,-0.008574842370685818,0.013697465399950481,-0.013707465399950481,0.009500725068523952,-0.009510725068523952,0.011082843441809473,-0.011092843441809472,0.011512617780553194,-0.011522617780553194,-0.007383423644710077,0.0073734236447100775
259,3110099E03RIK,,,0.01035898735145728,-0.01036898735145728,,,,,-0.01349686087992167,0.01348686087992167,,,,
260,BC052040,0.009183144697638368,-0.009193144697638368,0.005540520543169752,-0.005550520543169752,0.009994915380030542,-0.010004915380030541,0.0125223155578741,-0.0125323155578741,0.008571669796489517,-0.008581669796489517,0.010057627419511439,-0.010067627419511439,0.008719442844656929,-0.008729442844656928
261,G630016G05RIK,0.007663732365226994,-0.0076737323652269936,0.00458487530164535,-0.004594875301645349,0.006886244825090107,-0.006896244825090107,0.012379167617753054,-0.012389167617753053,0.007590221362949109,-0.007600221362949109,0.01224033455589836,-0.01225033455589836,0.007163841171152631,-0.0071738411711526305
262,GM13986,,,0.0016716412223003324,-0.0016816412223003324,-0.017293707858840462,0.017283707858840463,,,,,,,,
263,THBS1,,,0.006091053269794297,-0.006101053269794297,0.0056777611230117014,-0.005687761123011701,0.00783308681516312,-0.00784308681516312,,,,,,
264,GPR176,0.00923292829830187,-0.00924292829830187,0.0008162765626348739,-0.0008262765626348739,0.01218485384279723,-0.01219485384279723,0.011745615184226302,-0.011755615184226301,0.01147925446780497,-0.01148925446780497,,,0.00924299479418475,-0.00925299479418475
265,BUB1B,0.0008814275188397253,-0.0008914275188397253,0.008513415817210324,-0.008523415817210323,0.019560645167701063,-0.019570645167701062,,,0.008739057046059734,-0.008749057046059733,0.010247441491379808,-0.010257441491379807,0.007534010210965558,-0.007544010210965558
266,KNSTRN,0.005107206176084136,-0.005117206176084136,0.007511374870532619,-0.007521374870532619,0.0012368240809825792,-0.0012468240809825793,-0.016373437222593837,0.016363437222593837,0.008731204352554825,-0.008741204352554825,-0.007186616998759748,0.007176616998759749,0.00017654911535501527,-0.00018654911535501527
267,KNL1,-0.015958884590914373,0.015948884590914373,0.004553186637677967,-0.004563186637677966,0.014192840366140047,-0.014202840366140047,0.007883309027354055,-0.007893309027354054,0.0074562499682166924,-0.007466249968216692,0.005713250699136085,-0.005723250699136085,0.004257268935235217,-0.004267268935235217
268,RAD51,0.006865939231535154,-0.006875939231535153,0.004991038021014582,-0.005001038021014582,0.005643887968560135,-0.005653887968560135,-0.005673554536702777,0.005663554536702777,0.001776997476009172,-0.001786997476009172,0.00851816642950913,-0.00852816642950913,0.006594661332400581,-0.0066046613324005805
269,NUSAP1,0.01201303444861418,-0.012023034448614179,0.0043101481448277745,-0.004320148144827774,0.011482373302929769,-0.011492373302929768,-0.007693705840851786,0.0076837058408517865,0.014412014968449932,-0.014422014968449932,0.012354709485929094,-0.012364709485929094,0.005099245675563441,-0.00510924567556344
270,SEMA6D,0.008182405833379813,-0.008192405833379813,0.0060245972569736295,-0.006034597256973629,0.010268754306516553,-0.010278754306516553,0.010419328978111528,-0.010429328978111527,0.005816417295871332,-0.005826417295871331,0.013647082658714421,-0.01365708265871442,0.0013210024364539857,-0.0013310024364539858
271,FBN1,0.011172024490227361,-0.011182024490227361,0.011277913954917632,-0.011287913954917631,0.0067084193658748376,-0.006718419365874837,0.007481026872170726,-0.007491026872170726,0.00833008085326141,-0.00834008085326141,0.012635402906822024,-0.012645402906822024,0.005317139687366759,-0.005327139687366759
272,1810024B03RIK,0.009080132699436222,-0.009090132699436222,0.005987710926010914,-0.005997710926010914,0.009555475654656337,-0.009565475654656336,0.008959881796092306,-0.008969881796092306,0.010131548968570589,-0.010141548968570589,0.014129196290952245,-0.014139196290952245,0.006138405283506204,-0.006148405283506204
273,KCNIP3,0.009317956496150234,-0.009327956496150234,0.005905709963451383,-0.005915709963451383,0.009697633873957168,-0.009707633873957167,0.009800143868038291,-0.009810143868038291,0.007120061711728104,-0.007130061711728104,0.00961559636841626,-0.00962559636841626,0.005951317591108472,-0.005961317591108472
274,BUB1,-0.016258971477473405,0.016248971477473406,0.007738580205114073,-0.007748580205114073,0.004763735776430245,-0.004773735776430244,-0.006649772345960314,0.006639772345960315,0.0033830006168443436,-0.0033930006168443436,0.006130778889631108,-0.006140778889631108,0.00355258996504966,-0.00356258996504966
275,BCL2L11,0.009192873180432534,-0.009202873180432534,0.006159276640604977,-0.006169276640604977,0.018431108615471023,-0.018441108615471023,0.004091783683062719,-0.004101783683062719,0.012362524939235411,-0.012372524939235411,0.012332009528171983,-0.012342009528171983,0.007014424804323828,-0.007024424804323828
276,CKAP2L,-0.005885292824750754,0.0058752928247507545,0.004685513791913731,-0.004695513791913731,-0.0027934382461226454,0.0027834382461226453,-0.00016270000544751917,0.00015270000544751917,-0.0016212577902628977,0.0016112577902628977,0.002955799488112712,-0.002965799488112712,0.0050361464160707525,-0.005046146416070752
277,GPCPD1,0.007087041087748075,-0.0070970410877480745,0.003221042392930265,-0.003231042392930265,0.006518179992287376,-0.006528179992287376,0.010281702236502932,-0.010291702236502932,0.00464018942546178,-0.004650189425461779,0.0095982831485458,-0.0096082831485458,0.004313718289175969,-0.004323718289175969
278,PLCB1,0.003818338739098273,-0.003828338739098273,0.005046238334192807,-0.0050562383341928065,0.005290610519044989,-0.005300610519044988,0.006885401703863786,-0.006895401703863786,0.004931227481425798,-0.004941227481425798,0.0068266709369930595,-0.006836670936993059,0.0032877316592752476,-0.0032977316592752476
279,9630028H03RIK,0.005123442732085981,-0.005133442732085981,0.005370926119079716,-0.005380926119079716,0.006500008215009789,-0.006510008215009789,0.0073211032998563574,-0.007331103299856357,0.007032803262253112,-0.007042803262253112,0.013541283316744507,-0.013551283316744506,0.007571483225807432,-0.007581483225807432
280,JAG1,-0.0011920656118913353,0.0011820656118913353,0.005236626567493949,-0.005246626567493948,0.009754468409936129,-0.009764468409936129,0.008747416989189433,-0.008757416989189432,0.013188596724717644,-0.013198596724717643,0.012514426693203198,-0.012524426693203198,0.00288906891183445,-0.00289906891183445
281,PCSK2,0.007694377618594331,-0.00770437761859433,0.005407860342866264,-0.005417860342866263,0.0053598444575690685,-0.005369844457569068,0.005774833657525916,-0.005784833657525915,0.010641070498300362,-0.010651070498300361,0.014917872957668776,-0.014927872957668776,0.0060274970414710485,-0.006037497041471048
282,RRBP1,0.009639419052453621,-0.00964941905245362,0.006334001257308708,-0.0063440012573087075,0.011194315588992143,-0.011204315588992143,0.011902501257225612,-0.011912501257225611,0.007289085100544601,-0.007299085100544601,0.015314764170066192,-0.015324764170066191,0.006118852219528667,-0.006128852219528667
283,RIN2,-0.0005406419961051928,0.0005306419961051928,0.007712101894300091,-0.007722101894300091,0.0046568365862057065,-0.004666836586205706,0.009715980987030415,-0.009725980987030414,0.011886927295928773,-0.011896927295928773,0.011267401712857408,-0.011277401712857408,0.007569111999620778,-0.007579111999620778
284,CFAP61,0.0022579360762966794,-0.0022679360762966794,-0.0003374206970610111,0.00032742069706101105,0.01555389974278587,-0.01556389974278587,0.004495831134597214,-0.004505831134597214,0.00702510185872747,-0.0070351018587274695,,,-0.00022008521158552175,0.00021008521158552175
285,INSM1,0.006182190235507548,-0.006192190235507548,0.007117427282535518,-0.007127427282535518,0.012395906600606271,-0.01240590660060627,0.010207377830495148,-0.010217377830495148,0.006101260805132749,-0.006111260805132749,0.012710299183592816,-0.012720299183592815,0.0050330595075061685,-0.005043059507506168
