,gene,decouple_th1,decouple_Th17,decouple_Th2,decouple_Tcm,decouple_Treg
0,SUCLG2,-0.00011476546430343529,-0.0007945705790693485,-0.0012693207453390006,-0.0005328846485657592,-0.0002993714326454209
1,RSPH3,,-0.0014780364333190198,,,
2,APOO,-0.0012631102513070112,-0.0002387226248436649,-0.0015047536565444136,-0.0012619658439782001,
3,GPR137B,0.0005236882107153007,-0.0036820793158675105,-0.00023357843060269404,-0.0018845712359325684,
4,PTPRK,-0.0009475198125368147,,,-0.0003174135569148206,
5,TAFA2,-0.000613798269143765,-0.0007930938522783173,-0.0007507927145135622,-0.00135369437291434,-0.003017336032872693
6,KLHL3,,,,,
7,PCCB,-0.0010613022680314114,-0.0015776249765820536,-0.0006427393006395461,0.0008894872162448168,-0.001132099431848388
8,ZNF678,,-0.0007310220417630544,,,
9,PTPN9,,-0.0011966986014900361,,-0.002211248618267504,-0.00020396147261637562
10,MFSD1,-0.0016103100373508292,-0.00047108269460615845,,-0.0002600266725753947,
11,ZGPAT,-0.0003969969217866437,-0.0013850485383502687,,-0.0011161517620309116,
12,APLF,0.0004448623327572114,0.00025310253650516045,-0.0005536340607575933,0.00047895743329557944,
13,AK6,-0.0013211448906180583,-0.0007944812586823278,-0.0010875021324798177,-0.0009306336712398798,
14,COMMD1,-0.0030715703106205805,-0.0028389834355327676,-0.0014187120380498679,-0.0007299379651696108,-0.002423366460249359
15,LYRM4,-0.00019391001358590176,-0.0003693967635146596,-0.0009775994074183178,-0.0006819355210754162,-0.0018784990890253466
16,TTC13,-0.001004707245757448,,-0.0008997063463324958,-0.0008714721209392429,-0.0006727606678905221
17,HMGCS1,-0.0013309422440868461,-0.0006371528760701923,-0.001111572103656905,0.0006514759200668971,-0.002354197093906913
18,CLOCK,-0.002131911269065723,-0.0003197813544775774,-0.001185319498422121,-0.0011329481513930517,-0.0008246314888507751
19,CRPPA,,,,,
20,GLRX,-0.0010695633828626313,-0.0008441037487929466,-0.0016642695119245387,-2.3840500359868788e-05,-0.00041297211563104917
21,EPS8,-0.0013580901967648763,-0.001278259269896706,-0.0006187503811987656,-0.001236363189581831,-0.001777855594721777
22,JPX,-0.0011946615483775375,-0.0018537518789279173,-0.0004619957743883813,-0.002172344740953078,0.0014723718920796533
23,WDR41,,-0.00010085931320773234,,-0.0013470836787427814,
24,RNF24,-0.0016392677492191457,-0.0004416657473239674,-0.0012397088157110256,-0.0012102391255138971,-0.0028591342412935088
25,FOXP3,,,,0.0018630033109472638,-0.0012257742996271363
26,CSGALNACT1,-0.0013721877919884024,-0.00047624872848488296,-0.0016619173822234358,-0.0011642463448005768,-0.0022656658763025896
27,RIPK2,-0.0013910967993404424,-0.0015790484852164837,-0.001258010974952841,-0.0013438122472276739,7.152913744564067e-05
28,SPON1,,0.0018561291274676352,,-0.003373819088684513,
29,NBEA,,,,0.00103599445529471,
30,AMMECR1,0.0013605915864159518,-0.001908849928138199,-0.002638265837273149,-0.0012436253455504823,-0.0017141886284153234
31,MIR222HG,-0.0012618402680483563,-0.0009681473779245327,-0.00310797054378055,-0.0018307204245431828,
32,FBXL13,-0.00034161340902746223,-0.0002757726458802144,-0.0012518791170482695,-0.0002876863842953296,
33,COX17,-0.0006848503182624813,-0.0014934714821069773,-0.0004319050329815947,-0.00033997397955669913,-0.001538263051224056
34,NAA20,-0.0006503387410181898,-0.0014732098471578053,-0.0001329614250750212,-0.001295791454586321,-0.00034923625265293606
35,TMEM185A,,,,-0.0007064727768123676,
36,HMGCL,,-0.0011937354240399347,,,
37,WDTC1,-0.0009553228065231649,-0.0010298719130492368,-0.0004654958410094433,-0.0006972414833619168,-0.0008362738685641089
38,GALC,-0.0011101853365156952,-0.0011650182602484177,-0.0013000612415375035,-0.0015411207242832688,-0.0005089719278363915
39,INSIG2,-8.925246849398813e-05,-0.00027873210880368163,,,
40,INTS12,,,-0.000562994722180396,-0.0011045087406059417,
41,PHF14,-0.0011753305562841893,-0.0011757177067838456,6.538493719804826e-05,-0.001101851994952329,-0.003145616478525192
42,TNIK,-6.704431959281623e-05,-0.00045825652679937125,-0.000957620318303932,-0.00015143777605577773,-0.0012947087700560722
43,ITGA1,,,,,
44,VWDE,-0.0003873874992526404,-0.004117452049734696,-0.0023321794073712238,-0.0003849554606030637,
45,MSANTD2,-0.0013845868877846949,-0.0012747013813400971,-0.0008031101001120707,-0.0009579181470532102,-0.0037737379676488006
46,NT5DC3,-0.0004912825230236513,-0.0005492900845933488,-0.001136092853043712,,
47,LPP,-0.0016523170392460798,-0.00037355787013422515,-0.0013771449152041697,-0.0013543842509935828,-0.0033510361152252425
48,PCNX4,-0.0015631821961324286,-0.0006660640623203356,-0.0015314676918980466,-0.0001392282403038488,-0.0025369948711776325
49,CEP78,-0.0024862428143806927,-0.0013787875343938376,0.0011170402797185067,-0.0009673360115684069,-0.003906337195257969
50,BARD1,-0.00020750006657698286,0.00019480785950297917,-0.0023375376364156725,-0.0017231416936041447,-0.00230966133363421
51,NFIA,-0.0012495741797865344,-0.0005624390904759805,-0.0008276441147189737,-0.0006467680981046397,0.0003264195333204118
52,CDK8,-0.0006350406092201222,-0.0013853617034827424,-0.0009983772446821443,-0.0009656830295408422,-0.000842548805274082
53,ZFYVE28,-4.0333356428539496e-05,0.00023635300724013202,-0.0005743593747448792,-2.1914709195784178e-05,-0.002456223149476245
54,CLPX,-0.0003941296849515642,-0.0007837062999040871,-0.0010600348123692193,-0.0007655283730451292,-0.0011425836489792462
55,CNNM4,-0.0005755983823355123,-0.002030745103462262,,,-0.0009385877619941339
56,FRAT1,-0.0005760296321645087,-2.1467060401994878e-05,,-0.0005788476214046018,
57,MTHFD2,-0.001049009742547246,0.0003653261248480477,-0.0011959474808436307,-0.0007032883044476102,0.0003260362046102871
58,DNAJC18,-0.001039414037930302,-0.0017940044790011652,-0.0004244344719396675,0.000408251150834346,-0.0010932695710400495
59,FNDC3A,-0.0016794636945555476,-0.0003720647003231884,-0.003913228836404211,-0.0006054557424896301,-0.001807621272113983
60,CRYZL1,-0.0006402825065008905,-0.0010329597051415944,-0.0012008184757138166,5.1098393501943125e-05,-0.0008218511598622382
61,ZDHHC21,,,,-0.003929254095511675,-0.004093735121420732
62,E2F3,-0.0011073462657433999,0.000839919044768142,-0.0012070336638182466,-0.0002801684932554997,-0.0018839387122804828
63,CEP126,-0.000996957313978252,-0.0014663638998546839,-0.001841581101926353,-0.000577925137165751,
64,KHDRBS3,,,,,
65,ZNF780B,-0.0006650599096493237,-0.001969523699872893,-0.0018044750289358709,-0.0013523092157361662,
66,ZNF235,,,0.0036184524291598755,-0.0017002186587785125,
67,SLX4IP,,-0.001115001051449887,-0.0012309378732913052,-8.174748666540683e-05,-0.0006440556694057766
68,ABL1,0.0003423918699981682,-0.0006593727149544031,-0.0011988299822688004,-0.00101725407595677,-0.0011842443021234678
69,DNAJC27,-0.0012823602096277385,-0.0013579878109577868,-0.0004973613291278907,-0.0006345936421702026,-0.0014291299523661012
70,PPP1R16B,-0.0005691646554341137,-0.0009939846514830843,-0.0001958086284771952,-0.0008292512309298295,0.0002461099825317812
71,MBTPS2,,0.0009075228842250118,,0.0006753507044939318,
72,SGO1-AS1,-0.0007819615834302419,0.0003262037647049545,-0.000833367203727846,-0.0010941476180737321,-0.0009343062442743379
73,DNASE2,,,,-0.0012207268622469666,
74,GNAQ,-0.0009008334867124674,-0.0009615873563177946,-0.002066724991100102,-0.0005439399272956615,-0.0010635736666622878
75,LEKR1,,,-0.0014431058815707158,,
76,MSI2,-0.0002247436149144296,-0.0006204088547202766,-0.0014105580166849027,-2.7024704002674357e-05,-0.00014543483019877936
77,IBA57,-0.001946831019469848,-0.0012410441574774401,-0.0005073581620521524,-0.00019047557272702624,0.00036026310584122076
78,MYO6,0.0012144024326737925,-0.002173244805638193,-0.0049087146352008795,-0.0038626669588359384,
79,LIAS,,-0.0007810622029744661,-0.0013821998793994662,-0.00014115834483598502,-0.0014943625142716903
80,TEX2,-0.0009489074323674306,-0.0006858193627960005,-0.0016114371399175431,-0.0005332166291491308,0.0008507328232860902
81,ATP1B1,0.0008569251092407169,,,,0.000998871038526583
82,ZUP1,-0.002806169050278801,0.0009917288006696962,7.602018606704675e-05,-9.344439231180612e-07,
83,SLF2,-5.679054528894001e-05,-0.0010221562691789332,-0.001595774186704299,-0.0012632971924568786,-0.0015966826590026236
84,MAPKBP1,-0.0013445946849530033,-0.001322581114361939,-0.0007503711037142044,-0.0016542124038590534,-0.00025416707813250873
85,DDOST,-0.0006747850316658893,-0.000992738802280133,-0.00019890819911160852,-0.0007595280898127048,-0.002946052824537892
86,GLUD1,-0.0006606123507757631,-0.0007874728425367582,-0.0010783511290245332,-0.000766018493904644,-0.0027417960067351622
87,LINC02520,-0.0013664145681981143,-0.0013801552358634374,-0.0019075642739218215,-0.0007024048730527779,-0.00018307711582024773
88,SUSD1,-0.0003166349630126953,0.0007847218952209672,-0.0012969599439453493,-0.0008952698473693194,
89,TSPAN5,0.0001500541230029656,-0.0013657884072832988,-0.0007337159578653923,-0.0007867184029182522,-0.002661890778515111
90,FOXRED1,-0.002075440151502862,0.0001503057540432175,-0.0011161940819036141,-0.00014331005600949458,-0.0008303402282704535
91,PTCD2,-0.0005880870211188646,0.0006372240717638367,-0.0010016161540183175,-0.000577466109692509,
92,NCOA7,-0.0016282294644301247,-0.0008790468722553145,-0.0037170475506539853,-0.0006021982671812875,
93,TNFSF13B,,,,-0.0004710584021103033,-0.005526066194919965
94,CDKL5,2.549012583663579e-05,-0.0014533228339359758,-0.00048121552355170384,0.000487545216962924,
95,DISP1,,0.00233891654478441,-0.005421499982458319,,
96,THAP6,4.397170040429561e-05,-0.0010944111205530467,-0.0009011047375234241,-0.00038993339980763174,-0.0007249762060911012
97,NIPAL3,-0.00030659327416483056,-0.0009929527789335696,-0.0011329489952060633,-0.0010585627601876445,-0.0015750676967007209
98,ARHGAP21,-0.0006881041569851178,-0.001513382249706925,-0.0009998835090555963,-0.0008343604599635275,-0.00219527971347098
99,PRKAB1,,0.0007718083561260042,,-3.3416869300702257e-05,-0.003530834621747414
100,PGM2,,-0.001029928518266835,-0.003047285944978856,-0.0009108650907780451,-0.0016321198319331365
101,SPATA5,-0.0010929722627368438,-0.00039955311712353177,0.0010555161806539964,-0.0004159906956690985,-0.0014938003218313324
102,ITPKB,-0.0009037505762720622,-0.000725459678832422,-0.0011108742059596603,-0.00047577788479711506,-0.0009143662614847833
103,RAB3IP,-0.0012035524301450586,,-0.0010366282721585903,-0.0007020001014420574,
104,ALG14,,-8.281532586779973e-05,-4.613119628056432e-05,-0.0011245142389612545,-0.0014361255618288576
105,TGFBR3,-0.0007491814782248536,-0.0008788897158318477,-0.0011228856144680091,-0.00046244255861182734,0.00032113577569440645
106,EEPD1,-0.0009032531630996411,-0.00043843543145568806,-0.0002692436964377119,-0.00038174203749217345,-0.002140809728939933
107,CDAN1,-0.000743847253926436,-0.0009429017070374558,,-1.935282174372714e-05,-0.0012282290797940038
108,DBNDD2,,,,,
109,OSTM1,0.0001479766920566561,-0.001373558446170639,,-0.0007670075461219585,
110,PHLPP1,-0.00029650325740825795,-0.0002772222329091474,-0.0010326610123077683,-0.00017596809037203395,-0.0029150884929674045
111,ZFP64,-0.0013396805164837024,,,,
112,LMBRD2,5.2567461357309886e-05,-0.0003619983186908945,-0.0017252335465064682,-0.0010795653520506042,-0.0015765945620159275
113,MTX3,-0.0013542316628288621,-0.0011264484662974463,-0.001479030503021641,-0.0009814299398357837,
114,TTC33,-0.0010609055269089054,-0.00032843328968263415,-0.0010800357319200931,-0.0013693468085018605,0.00107635873050093
115,DENND1B,-0.0006424049704303377,-0.0013593942208960418,-0.001154679196153266,-0.0008787260188160752,-0.0015109940461500958
116,UQCC1,0.0003106661896243104,-0.0016663943146191136,-0.001010792854557378,-0.0008063133915456981,0.0026018448077442385
117,PLEKHA8,-0.0007990759796593673,-0.0009077756790256747,-0.0004384899248702093,-0.00115872177444693,-0.003043593972409003
118,RER1,-0.000217067274558419,-0.001828759263965171,-0.0014117857210860594,-0.0006325691131579322,-0.0009730868279441435
119,IL10RB,-0.0016662902508449377,5.6371890949282605e-05,-0.00028718764068737593,-0.00013559904790105218,
120,LINC01891,-0.0011645107906327517,-0.001021110739532866,-0.000577529711757464,-0.0005185713759272128,-0.0004633372407879619
121,ADK,-0.0009385254613580377,-0.0010841371790013847,-0.0009113754361818978,-0.0006382839195310953,-0.0013430181072968178
122,CYP2E1,,-0.0008213889291948315,,,
123,ELP4,-0.00014259931660567243,-0.0004143821584417376,-0.0008437352878609018,-0.0009363000386139178,5.2358099819939385e-06
124,ZCCHC7,-0.0012981427708020892,-0.0011240331307581005,-0.0013284524983046518,-0.0010015920121153868,-0.001841216361315295
125,SLC35D1,-0.0013205198353635535,-0.0020790959657263682,-0.001668470791651869,9.805654597080243e-05,-0.003337856582462242
126,TTC27,-6.193365230479711e-05,-0.0009934997196116117,-0.0012577199437533645,-0.00025297161210401705,
127,CEACAM21,-0.0006079135285169852,-0.0008359179802764974,-0.00260560454373672,-0.0009794001347061048,-0.003487479401688495
128,INTS6,-6.202116736682764e-05,-0.0008615104762730195,-0.0004588169528261677,-0.0004910166026525229,-0.0005501605377104309
129,NUAK2,,-6.481581196856809e-05,,,-0.0009891072854128612
130,ATG10,-0.0010727361353231584,-0.0011668807590450728,-0.0006366303148639865,-0.0006906032780444439,-0.00218598785714446
131,RAD51D,,,-0.002203096095375681,-0.0015981660120523225,
132,MID2,-0.0026549286089364004,-0.00040428665772596767,,-0.002686903369869825,
133,SRBD1,-0.0016886119176026879,-0.0007231015112662137,0.0007213002088838696,-0.0006273272415794895,
134,ZCWPW2,,3.09201099407113e-05,-0.0009500725899158433,-0.00016859097109697338,-0.0003104253094845088
135,ANTXR2,-0.0004688116112515194,-0.0004978128048851371,-0.0008541774861165743,-0.0004726574895085982,-0.0019250721572736194
136,LRP8,-0.001081490889901924,-0.0016643024594584993,-0.0014117748813505509,-0.0001171764239157021,-0.0013938576557270925
137,ENOPH1,-0.0015075681693823536,-4.038773113516046e-05,-0.0012772581803761878,-0.0003777570601915638,-0.0023880783988383895
138,JARID2,-0.00047007461171192505,-0.0006209724363743481,-0.00010539724222394242,-0.00034850852760587477,-0.0014558716803824041
139,POLM,-0.0015298719726004424,-0.00048547114534013003,-2.480283855225973e-05,-0.0005412051431380686,
140,EIF2AK1,,0.0002874346682497156,,-0.0008559037789717585,0.001726398032003789
141,NCEH1,,,,,
142,ARRDC3-AS1,-0.0011477383426218776,-7.342496157834635e-05,-0.00017466838011297343,-0.00040322948485094646,-0.0014111374555755476
143,ALDH5A1,,,,-0.0009578044284082356,
144,TRAV6,,,,,
145,SFMBT2,-0.002634427276893626,-0.0005183047334341023,-0.0015400835218080007,-0.0010452186045398259,
146,LCMT2,,,-0.0012162419846347503,-0.00034163147687303,
147,ZNF169,-0.0006302679033954612,-0.0015439660328963028,,-0.0013371509565319626,
148,PEX13,,-0.0013387420452073365,-0.0017104970280568295,5.8443944534705694e-05,-0.002781932551220013
149,DDN-AS1,-0.00046822533373493645,,,,
150,ARV1,,0.00025402619874158316,,0.0009823438639364997,
151,USP31,,,-0.0023611451622224684,,
152,PARP11,0.00029951216526843093,-6.108118079158585e-05,-0.001076753155001959,-0.0005070532877701666,
153,NDUFV1,-0.0006573127551163464,-0.0010006114349387337,,-0.0009662269795138508,-0.0006065935122028486
154,CCND3,0.00021523699177361348,8.078725722695211e-05,-0.0002978157998829601,-0.00019596940620160343,-0.005730435038296932
155,PLGRKT,6.325242598741697e-05,-0.000771857249429039,-0.0005669701725189661,-0.0003483393224255338,
156,LINC01006,-0.00294966640055005,-0.0008742383900175671,,-0.0008206712634592364,
157,RAD9A,-0.000495969459512878,0.000489116145669783,-0.002110010084927164,-0.0007865461396999547,
158,MRPS10,-0.000978815316564425,,-0.0006953734930112039,-0.002075856020901533,
159,RGS14,,-0.0005768535992267641,,,
160,SNHG26,,,,,
161,HACD2,0.0003605258387511783,-0.0002774739705786776,-0.0008768211847276757,-0.0009410957294410348,-0.0011902942162249647
162,TIFA,-0.0011877152211979495,-0.0013101823679856862,-0.0005355230686630939,-0.00037976367269029233,0.00015497091013022546
163,RGS16,-0.0017380266409839033,0.0002555589752357267,-0.0014900447148089649,-0.0009100567763664531,
164,LMNA,-0.0006462957202559632,-0.00030496066603466227,-0.0005033585829941206,-0.00045196989139047444,-0.0009533319477055989
165,NEU3,-0.0014513901788266326,-0.0015644986419404133,0.0008965384120584209,-0.0010594329299142835,
166,CYTH3,-0.0009142105565527955,-0.0008587225081976031,-0.002271641792058939,-0.0012806900024571084,-0.005993667922815849
167,ACAD10,-0.00030735032282602423,-0.001324592835646351,-0.0026042740750640836,-0.00012546979142768252,
168,SLAMF6,,,-0.0011159909980409423,-0.0017485897622391382,-0.002937467042868361
169,CMC1,,0.00016485000821975758,,-0.002307545579326489,
170,ABCF2,-7.039382596787068e-05,-0.0009818724470212741,0.00012763306576283294,0.00036607019807188487,-0.001399708715945503
171,RFC2,-0.0003103300743117904,-0.0007878608431882428,,-0.0010296154250321963,0.0005577764473196165
172,PEX7,-0.0018814884878849978,-0.0007318562278995815,-0.0010042122146701714,-0.0006288414601838474,-0.00011916912204018928
173,IFITM2,-0.0011784554532482897,-0.0009289254979695169,-0.001971856027264806,-0.000544219774586934,-0.0021789055832599127
174,MT2A,0.0002043173720564298,-0.001342497326697935,-0.0012668851694323602,-0.0003405307195749512,-0.003975718078373694
175,SLC26A2,-0.0005482490070747043,,-0.0018212737391504153,0.0007076234945097327,
176,RPRD1A,-0.002694751323451916,-0.0008455160003719778,-0.001355083847281736,-0.001979796229746843,0.001315451976850764
177,TTYH2,-0.0015494360082368673,-0.0011610648889176373,,,
178,ZNF75D,0.0002712312646018806,-0.0010522598716841032,-0.0015323579023074525,-0.0010356566700490998,-0.0022983407376052853
179,ARMCX5-GPRASP2,-0.0012207033924942698,0.0029092195355929964,0.0003900126160024317,-0.0010328701487438124,-0.01122381488312922
180,PPFIBP1,,1.83187511452014e-05,,,
181,LINC01278,,-0.0007858062994475778,,,
182,NELL2,-0.0013198576994543007,-0.0003879635671907907,-0.000626719295312746,-0.00102024631175107,-0.011050817268463704
183,CTNNA1,-0.003811519710357465,,-0.006640060662077608,0.0029132070932107595,
184,WARS2-AS1,-0.0010245471666676335,-0.00035454962222998196,-0.0004955559796700265,-0.00016088202979108474,0.00021927038196052281
185,ZNF280C,-0.0014237225491097391,-0.001309150679060062,-0.0008757819763295094,-0.0009946825539729563,
186,KCTD13,,-0.00044743685366398743,-0.0017487020985862411,-0.002618315517528254,
187,RANBP1,,-0.0012532462422466016,-0.001113763280911337,0.00017898725928083403,-0.0006842133374404483
188,METTL25,-0.0008571217071820444,-0.0007662458217422112,-0.0005628068091374219,-0.0007193563232629546,-7.979343048029365e-05
189,WBP4,6.375278915582948e-05,0.0003686565818362027,-0.00018022981639828715,-0.0003951474230354081,-0.0008851605450158565
190,GMCL1,-0.0001279742377174823,-0.00022506134258792887,-0.001599164904837423,-0.0003909278292534568,-0.002209975490065538
191,GXYLT1,-0.0015124928462211095,-0.001087791904081625,,-0.0007368871343771746,-0.004922530038115165
192,IL7,,,,,
193,EXOC4,-0.000641151540011313,-0.0006678864690436931,-0.000969817581652167,-0.0009347063000934869,-0.001635620950426445
194,RTN3,-1.633269565925674e-05,-0.0005890735926492282,0.0001729044173290912,0.00034167782674373454,-0.001804268738132761
195,LCLAT1,-0.0013573110944421684,-0.0018691941127880647,-0.0008511195356797722,-0.0005311537413090414,
196,OSBPL11,-0.0006888939726747102,-0.001223133823151961,-0.0015698722652271848,0.0009614799058718518,-0.0012509809068498665
197,POLR3B,-0.00048038607944830315,-0.000962393800081833,-0.0024918163937218494,-0.000975536771092576,-0.002520303086834574
198,HDX,-0.0029079001738982965,-0.002167073466004586,,,
199,TBC1D32,-0.0013262693292633732,-0.0015951993241803096,-0.0015805599480834594,-0.0009714986514564126,
200,TRAM2,-0.0011286004675928,-0.001322019008156915,,-0.0004819038849404461,0.0012268127742833587
201,CBFB,-0.0006587281367869333,-0.0009950020605793784,-0.001957333337668038,-0.0006562259387763785,0.009429110482549772
202,LINC01033,,0.0001185945101746886,,-4.061922894059086e-05,
203,LONRF1,-0.0017011216120008561,-0.0011984769708875392,-0.002513606270535166,3.333082181278431e-05,-0.00208109588423425
204,PLAGL1,,6.71074694506002e-05,,-0.0008643094934987034,
205,BRCA2,,-0.0003803718067047074,-0.002390112674765436,-0.0022479080040164936,-0.002919615713208503
206,HEIH,-0.0007206501823339949,-0.0004963373173147816,,-0.0016989365622651596,
207,EPSTI1,-0.00048171184446612475,-0.001103719557039133,-0.00013748317838198354,-0.0004427289170664253,-0.005594055010256727
208,MRFAP1L1,-0.0010379480538373394,-0.00047313733283807155,-0.0018906401473179311,-0.00011431046542526892,
209,ZNF277,-0.001321531331479539,-0.0009549165732465103,-0.0005194701876036836,-0.0007556359731731152,-0.0036470460113039154
210,NEK8,-0.00032715730874515944,0.00023559164925409347,-0.0002977143526548265,-0.000859444214697855,-0.0020111620051380683
211,MICOS13,-3.7014252993175165e-05,,,2.2671057803042016e-05,
212,UBE2E3,-0.0003761000439220213,-0.0002923868789870554,-0.002657518870048387,6.437164416321466e-05,
213,ATN1,-0.003062982761283948,-0.0005730718063966314,0.00018328806076697325,-0.0016125436510579221,-0.03580642977401852
214,ZBTB2,-0.0004541277097561986,-0.0010990075973709929,-0.00041868897833012043,-0.00013236867462019207,0.00021582319855888675
215,TRIT1,-0.001292133949124235,,,0.00040957125467229114,
216,TMEM45B,-0.0019020190777645513,-0.0009685590900976836,,-0.0011280927846061316,
217,SLC43A2,,-0.0018022980876367146,,,
218,SLCO3A1,-0.0005580397296659724,-0.0008630470710912011,-0.0006059847814880752,-0.0007913384802929035,-0.0028793514201948317
219,CHST11,-0.0003676105887407549,-0.0007765661778270719,-0.0006227026085065994,-0.0006238272563350153,-0.0007977708085047741
220,GPHN,-1.3934257436514982e-05,-0.0012821107027331758,-0.001006835255345782,-0.001537923719484413,-0.0014577868284187008
221,HDHD5,,-0.00014964092708195757,-0.0020477010933969246,,
222,CSNK1G1,-0.00017643702893607727,0.00010335333467712156,-0.0008258772298881181,-0.0013792079466269898,-0.0013455509447734132
223,PRKCB,-0.0012836967303619037,-0.0002661191363961049,-0.0010706947180831568,-0.0006697328412782044,-0.0024369713348245427
224,OASL,-0.0008498241733412223,-0.0010746000080250045,0.0006312405436796897,-0.0010543398710143488,-0.0028418721277997556
225,RGL1,-0.00016125786558903767,0.0006021762229479321,,0.0005673541484217531,-0.0007082184756459445
226,MAP2K5,-0.0013965216668982792,-0.0016841691491631706,-0.0009425367987120313,-0.00033389585576685567,-0.001357836282800614
227,SUV39H1,,,,-0.00042654379177478434,
228,MCOLN2,-0.0014580802606868459,-0.0010595946125017686,-0.0027806010160922965,-0.0017643859263779555,
229,EPHA1,-0.0010688964363916795,,,,
230,TBC1D1,-0.0014006594533053814,0.0007524096696604667,-0.0003482577940965136,-0.0005400491435278761,-0.0016831019831016515
231,ABCA1,-0.002282121352081534,-0.002677648828942291,,-0.0015294503280345153,
232,SPEF2,-0.0022669206941559883,-0.0020389365218318346,0.0007265239020860844,-0.005341414028974926,
233,GRHPR,-0.0011408742144016232,-0.0005107066389595846,-0.0005766419590949,-0.0008789390701042215,
234,KCNQ1,-0.0011487049338048793,-0.001034197866460293,-0.0008945758432077275,-0.0011970228268186282,0.01841036791892297
235,ENOX2,,-0.0009631669971926493,0.0002570542518965501,-0.0006367986037906399,-0.0012279022028789943
236,DDX10,-0.0013846381785842434,-0.00020024503714647854,0.00023851281795183102,-1.5753747011276048e-05,0.00030832323983813123
237,HDAC8,,-0.004473499232415315,,-0.001915144835775779,
238,WDR7,-0.0001656701631202826,-0.0007520394771322395,-0.0004548639271794016,-0.0006966951866371317,-0.0010283932823733268
239,TBXAS1,-0.00198069537809485,-0.00048342462709345495,-0.001640662132622147,-0.0003404687356399032,
240,SLC39A11,-0.002534331549343122,-0.0020641706744242046,0.0001509523769129082,0.0007507800289183134,-0.004271576849835113
241,EMSY,-0.0010678604935898542,-0.0010566124994202328,-0.0014062331980027737,-0.0010309631625651768,-0.0034315887995895033
242,DOP1A,-0.00039696613559205875,0.000841973654786634,7.23141838642645e-05,-0.0014634031070693268,-0.0032815338300640536
243,EPAS1,-0.0030867008834985395,-0.000919921658694027,-0.0011497997464415162,-0.00047059585938595376,-0.0017127259364563413
244,DNAJC10,-0.00017891994867179524,-0.0009623114101167769,-0.001830011362826598,-0.0013738162465775812,
245,MED13L,-0.001013246767509279,-0.001027010054045218,-0.0022824380027677066,-0.00031843337987680093,-0.0006321508021821191
246,SIPA1L2,,-0.00020850217548780935,-0.0033216633798698308,-0.0007446769887079277,
247,TET3,-0.0004276294103166371,0.0010691393856041686,-0.00015250505079832458,-0.00039579609799384255,-0.0021131349061628037
248,PDE5A,-0.0012651878081554515,,4.506836024599156e-05,-0.0028323532544265824,
249,TSPAN3,-0.001630831669396148,-0.001431243856415047,-6.942000381677561e-05,3.6894257256878116e-05,
250,FAM228B,,,,,
251,MRPL1,-0.0005777016067187836,0.00027126650185943426,-0.0004563038768507239,-0.0003041213769747475,-0.0016591965917243214
252,SHQ1,-0.0022505015541263657,-0.0009672655056948759,-0.0021403692224224065,-0.0006738641257780171,-0.0010275114353918927
253,WAC-AS1,0.00021391207833677817,-0.00014191419301377677,-0.000492635895837916,-0.0007949519664722298,-0.0007338461517689392
254,TTC26,-0.0008613842464114396,,,-0.0006619491497115194,
255,MFF,-0.0005003732715986239,-0.001185703729549432,5.787350593479228e-05,-0.0007161768942150117,-0.001900110852143009
256,STX18-AS1,,-0.0006660156822856558,-0.001374428850797884,-0.0008053663443398154,
257,NR3C2,-7.509695779566068e-05,-0.0011367384723093123,-0.0005755897477311986,-0.00055547963274135,-0.00040950311142354777
258,LRRC23,-0.0005867249822500767,-0.0012475397264445475,-0.0004052094781601661,-0.0010051628685958684,-0.0008072710933661985
259,MAST4,-0.0008300680958605484,-0.0011251462797197452,-0.0020420467669882876,-0.0018242361292981494,0.001670614791752692
260,LRRFIP1,-0.0011001641373599904,-0.000897783335737483,-0.0007394249168882656,-0.00052383105531061,-0.001368036818544153
261,B3GLCT,-0.00019610032668447054,-0.0012793773776504664,0.0005032472113388527,-0.0006419883375152688,
262,ST7,0.00020307476116045338,-0.0010396553986454244,-0.00032960840643071233,-0.00044509062189605243,-0.004769191556866052
263,XAF1,-0.0014963408556678635,-0.0014555122915820024,,0.00010906767345583018,
264,TTI2,-0.0014653336322458955,-0.0009470399813604176,-0.0014380132470983992,-0.0008409531235706357,
265,ASPH,3.373283655230298e-05,-0.00046563955648221654,-0.000939293088736669,-0.001343660219747426,
266,HPCAL1,-0.0012580799583327643,-0.00042009928614283876,-0.0006496755307684662,-0.0009140147801755105,-0.0013353254440298598
267,DISC1,0.0006136246612317101,-0.0009392605181847979,0.0006858247620436797,-0.00022710455593870013,
268,RSRC1,-0.0016421297609852201,-0.0018157013064128563,-0.0013627523841420741,-0.0012575702876567642,-0.0032451993529559915
269,AP3S1,-0.0022632584083061838,-0.0005690625543251912,-0.0014759409056687703,-0.0010916383746403203,-0.002488355366431289
270,XKR6,-0.00110370328835817,-3.428745745922071e-05,0.0008710385666664822,-0.00044979300128024195,
271,KIAA0586,-0.0004920114382599167,-0.0007866469461659626,-0.0015223474404158898,-0.0007776234301315743,
272,PELI2,-0.0011350069111260418,-0.0006119982526823272,-0.0010858595483564087,-0.00017781867240306698,-0.002553333194034519
273,PUS10,-0.0007690003412886906,,-0.0019406843127248892,-0.00017271262139031789,
274,WWOX,-0.0008418062599778705,-0.0008912721736570811,-0.000649126935510694,-0.0008358105880624462,-0.0007287880329974981
275,DPP4,-0.0018446255323561755,-0.0015249492380435513,0.0023969261704134426,-0.0023219600927210943,
276,ZC3H12B,-0.0015499964823693872,-0.000498698710183763,,3.0921134018639662e-06,
277,ACADSB,-0.00025456306711802053,-8.30212201082016e-05,-8.447912013718507e-05,-0.0004967020646037988,-0.002163112524087924
278,TAF9,,0.000191407849213919,-0.0007089234309384743,-0.0004562967540846551,
279,MAGED1,-0.000756297490965006,,,-0.0039009642925527128,
280,TTC22,,,,,
281,PKP4,-0.0015257759432490787,-0.000459447179579452,-0.0006927269546598974,-0.0014828587481906233,0.0017274936853048737
282,ZC2HC1A,-0.0021132111858169315,-0.0016087695471592237,-0.0003139561586896992,-0.0014718451516205298,-5.6555106189107654e-05
283,NSUN6,-0.0006542086115661015,-0.0020230007451786805,-0.0016949172718816966,2.8898607881175375e-05,-0.002358671035757001
284,DAPK3,,,,,
285,FAM120C,-0.0017504186783999197,-0.0020971056388971055,,-0.0011382081620847032,
286,TMEM178B,,1.2184654177856136e-05,,-0.003258125741862558,
287,LINS1,-0.0011152273687169588,-0.00017419364899860963,-0.0007508596129513524,-0.0005514527171662275,-0.001572428287735926
288,ARHGEF3,-0.00017968798377767693,-0.00014883781573600714,0.000276102100778294,-0.0005627622525665506,0.00031636800616610845
289,PAPSS1,-0.0005024593978138195,0.00032227794007894887,-0.0005604987314501873,-0.0005272588566284635,-0.0009627696170314577
290,DNAJC25,-0.00012920630437465892,-0.0014759196471513594,,-0.0008139466725615432,6.992373548479411e-05
291,SF3A3,-0.0025825301394903598,-0.0002478048645463155,-0.001304039484024416,-0.0004044531939929128,-0.0009627859000228695
292,LRRC8D,-0.0007964834594095058,-0.0013886873689641643,-0.002792071608483767,0.00035320589795808516,
293,PMS2,-0.002813602860555488,-0.0005771687397568576,-0.0018225434716257396,-0.000892424020345897,-0.0007798856607997128
294,VWA8,-0.0006801107275979171,-0.002014243370669024,-0.0030671821933678494,-0.0004670524693168466,-0.004214518589595213
295,RNF121,-0.000689874122177983,-0.0006075968325653909,,-0.001059891020453293,
296,DNAJC24,-0.00021225625816668515,-0.0010958114575480259,,-0.001159106230956948,
297,ABHD3,-0.0010856764537704048,-0.00033147843353015065,-0.00039051565493870843,-0.0015114967003511393,-0.0017412870799831288
298,ESD,-0.00172614621659818,-0.0016915180546513073,0.0011918581104155435,-0.002152670422725306,
299,GATA3,-0.0007360501700101373,-0.0009493498993469081,-0.0007296080378511073,-0.0006597784959549609,-0.0010012072661657505
300,RPS27L,-8.630761469738749e-06,-0.002094008293927377,0.000564762163433279,-0.00039558888483533054,0.0037643515923529228
301,MAP3K21,-0.0015566836683902022,6.585375463234559e-05,,-0.0009326434799272207,
302,TXNDC12,-0.0004985949624976803,-0.0008562937086622384,-0.0007557377483555878,-0.0006951992096561948,-0.0003472453552031355
303,QKI,-0.0005982045640502889,-0.0008729652744103571,-0.0006819136919424384,-0.0006877251956160174,-0.0032836001422619446
304,ZNF669,-0.0007440208837527894,3.552116752771929e-05,,-0.00031814199006788453,
305,SAMD9L,,,,,
306,CHCHD5,0.0001961498830601021,,,-0.0006121890919988564,
307,TAF12,-0.0003011138818940443,-0.0005346284653097323,0.00041565572407990456,,-0.0013472314451069816
308,ACAP2,-0.0006715268654055818,-0.001206075979823691,-0.001416001013723852,-0.000606944024436575,-0.005839067161386213
309,STAM2,-0.001136918008438825,-0.0014118310531346396,-0.0014435845118322774,-0.0006129018712700812,
310,FAM83D,-0.0007740668411983934,-0.00033579075044493263,-0.001325198029497477,-0.001138888042930144,0.0002510251862551799
311,STT3A,-0.0015632946331929215,0.0008397476098066601,-0.0006589321352343594,-0.00015118619468335037,-0.0008527925180833165
312,LINC00467,,,,,
313,DUSP4,-0.0008384405576812191,-0.0020911418014738746,-0.00019847127106622543,-0.0007341207209072744,-0.002341804399511413
314,SUSD3,-0.0001717281111910593,0.00026046056962890016,-0.0016300713557108638,-3.166180014677229e-05,
315,TES,-0.0007211315230849173,-0.0009449714248259706,-0.0017891193498792242,-0.0007336725012376619,-0.0020477958536971787
316,SSBP2,-0.0006792528429176332,-0.001019397714936877,-0.0014273399360248545,-0.0005558991019686647,-0.0029000358527967954
317,KLHL2,0.0030016331108504886,0.0004735714726571173,,-0.0009455470452271082,-0.004740115678292849
318,PPA1,-0.0007775028792754834,-0.00038807144391125696,-0.0010548674323087532,-0.00023767085661466607,-0.0005483936058487404
319,ATP6V1A,-0.0009625358073539064,-0.001126289118883083,-0.0011661571284711037,-0.0006480563915455531,-0.0005019845781800113
320,BDNF-AS,,-0.0006165709000405788,-0.001278065119600792,-0.001135583962624258,
321,TTC38,,,,,
322,FAM168A,-0.0019236616263406583,-0.0014070194941021496,-0.0026674107150332013,-0.00030909630986552215,-0.0003157459868121295
323,ZWILCH,0.00030968207182377125,-0.0011489375744812387,-0.0010702986669891244,-0.0008971932681459873,-0.0022695921319278393
324,ITGA4,-0.0008381596692122791,-0.001080285448030566,-0.001989547895906699,-0.0011460252266285876,-0.0006910738983682985
325,KIAA0895,-0.0011860673110710446,-0.0015018614750735102,,-0.0007864169686442341,
326,ITGB3BP,,1.1638335920377899e-05,0.0008154428224501804,,
327,CRYL1,-0.000866879639180352,-0.0014787306686683491,,-0.0008967789262675297,
328,MAP4K3,0.00023055033159504953,0.0009638679822885927,-0.0005271927059390929,-0.001074162998336176,-0.0004923857597653909
329,TMX4,-0.00039017055291968965,-0.0012676143558677192,-0.0012409672654686617,-0.0005897597721998844,0.001108580156748985
330,SLC4A2,-7.5155862500446424e-06,-0.0001033492780799835,,0.0005210392565485255,
331,PATZ1,-0.0015744644880684557,-0.00058476509030146,,-0.00069251713347718,
332,REV3L,-0.0010224684877283546,0.0001833541261474182,-0.001958684743189016,-0.0004592934724604791,-0.002433995163689008
333,ZCWPW1,0.00031441655392954425,-0.001072387541132919,,5.9144768435293385e-05,-0.0005242986795673307
334,SOS2,8.034493457136777e-06,-0.0016733081631044146,-0.0006136378422308738,-0.0007343396398928415,0.00805344426484991
335,BMT2,-0.0003643299537785163,0.00042973167267357486,-0.0003907253480957655,-0.0007716740725915508,-0.0017677964192174718
336,METTL15,-0.0012402778006099947,-0.0009466369066608044,-0.00036726402043809996,5.4109779006528656e-05,2.7695177383076433e-05
337,HEATR3,,-0.000958028120412872,-0.001732389949341915,,
338,MICU3,-0.002217691573146406,-0.002188408885265343,,-0.0005570297518187415,-0.014522529777141586
339,ACVR1,-0.0013560396999266807,-0.00045384477658295085,,-0.000988981828813117,-0.0005458284517730373
340,TMEM260,-0.0020710983992653156,-0.0013736760787804734,-0.0029560380121954576,-0.001099847421766659,-0.0025336976528733176
341,SIAE,,0.0003527862356376057,,0.00045310968558858085,
342,ANKRD44-IT1,,-0.0006612443134775096,-0.002658994455752156,-0.00018530780523482414,0.0001367928309775543
343,MSH3,-0.0016586275153932448,-0.0004839949341145025,-0.0004256013559724523,-0.0013258936637252283,-0.004258536054280773
344,COQ3,,,,,
345,DGCR8,-0.0009568424763043148,-0.0001964299149451107,,-0.001370158162140576,0.0006596043461022834
346,XKR9,-0.0005510916995452655,,-0.0010399288868333453,1.4613244067843319e-05,-0.0011138114303508844
347,UQCR10,-0.0006739745241194587,,,,0.0007654018359427549
348,CTNNA3,-0.0009857491347930528,-0.00026992282876104647,-0.00031388706582754534,-0.00038083049127087595,-0.0011127405366252114
349,BCL2L11,-0.001798650413821874,-0.00133494241954649,-0.0008945183898438278,-0.00010779769847405005,-0.0006434902551279622
350,CDK10,,-0.0021624382165118614,,,
351,LST1,,,,,
352,NT5M,-0.0006944141501871656,,,,
353,PIK3CA,-0.0007994849702148733,-0.0006069563019658105,-0.0007638655407292711,-0.0009217716599831255,-0.0017811686775565556
354,SEC11A,-0.0011685055202580227,-0.0010063467189799311,-0.0016513520850974343,0.00018263784588563522,-0.0001412966693724628
355,UBN2,-0.0011513709930394966,0.0001984898221023164,,-2.8755435369143614e-05,
356,MAN1C1,-0.0015625244118382831,-0.0008866235267304236,-0.0005856146572385959,-0.0007840241667045394,-0.0012034187040799327
357,PSMD4,-0.0010990348406113848,,-0.0011523958378464507,-0.00031699750012073764,
358,RFX3-AS1,-0.0004944926197032115,-0.0001850896572980357,-0.0017502011304798637,-0.0004710738141077567,-0.0003640880978703371
359,ABCA3,,,,,
360,GTF2F2,-0.0012140189522078602,0.0007607642411803003,-0.0005540574477660189,-0.0008369075025082247,-0.006331413436528564
361,CCDC88A,-0.0016579204572886273,-0.00202346242481735,,-0.0010557014513170818,
362,ZNF821,-0.0017992124051761206,-0.0003635965507934238,-0.0005089882370573999,-0.000758527401967299,0.0005993084623755474
363,B9D1,,-0.0024755530113299874,,-0.00012310691481296106,
364,CCP110,-4.94929590476572e-05,-0.0012186043538796928,-0.0010767858100996603,-0.0011298170896376905,
365,LINC00476,-0.00040519172261137965,-0.0013452328876614053,-0.00032484030126546555,-0.0010052148472640618,-0.0032935748829711897
366,RIC8A,-0.0010873462594551539,-0.0011634080974155456,-7.738310146768526e-05,0.00044237898463010423,
367,POLR3C,-0.001309625650059796,-0.00028384050350261335,-0.003218619961697618,-0.0005616532714877633,-0.0008562592309302453
368,PHTF2,-0.0010127034361829355,4.904241100135362e-05,-0.00057449466896405,-0.00045404693467024793,-0.0007004936958541451
369,PRMT3,-0.0021266273318374966,-0.0007609524222059703,-0.000262132685144233,-0.0011399855586947377,-0.0021452944883452313
370,ORC4,-0.0014032311927519043,-0.000745237469526332,7.083686800065866e-05,-0.0009586518281815481,9.846843975035158e-05
371,RNF13,-0.0008570430515651688,-0.001952562508398677,-0.0014400889907045782,-0.0010134749357701275,-0.0026976993591020914
372,MCAM,-0.0005310779304461607,-0.0009981427236525437,,0.0006937933482845443,-0.0008041062591129661
373,ICE2,-0.001322339316960944,-0.0009660931183786249,-0.0016150299834904224,-0.0006098668364866505,-0.0006955523396292677
374,ZNF724,0.0003172268136983434,-0.0008620642023892452,-0.0006141504538485412,-0.0008245935354731357,
375,TICAM1,-0.00035950841474208413,-0.0010327337132635724,-0.001111892227835547,-0.0010134513698981636,-0.001301240714698327
376,ERP44,-0.0009622461795940843,-0.0012895216807604559,-0.0007544795017329188,-0.0008459561267857461,-0.001090438244667159
377,CDKL3,-0.0006871333051404662,0.0007463107236140385,0.0006642148811454602,0.00020560663839673445,-0.0016455762667513044
378,SLC16A1-AS1,-0.0017933186428333598,-0.0014575781620826053,-0.0016935912971508,-0.0009971865947875263,
379,HNRNPLL,0.00018145009296690988,0.0006412259342809812,-0.0015348547315232912,-7.94551795368463e-05,-0.0022671452884380355
380,NRDC,-0.0016876150770755195,-0.0014905329438822902,-0.00024885981252172756,-0.000368348746798957,-0.0012553208868699081
381,ARMH1,-0.00021614920996772605,0.0008523424699401014,-0.0002632313562995455,0.00032518635748315147,-0.0010351270846619912
382,LINC02067,,,,,
383,RGS12,-0.001704736498817876,-0.0014578283671537132,-0.002397055561248033,0.00039085727385470767,
384,RPS6KA2,-0.0006194172849306196,-8.877364479688461e-05,-0.000486609760517071,2.3474058873020932e-05,-0.0018267519106749206
385,GMDS,-0.00011875008634373158,-0.00012823654236585394,-0.001144951742572231,-0.0007783894363154109,0.0001200668342866279
386,SPECC1L,-0.0006582546475387627,-0.0007516585730133821,-0.0009881920771590306,-0.0006745941588272089,-0.003596459780600983
387,PMEPA1,-0.0006119670154259762,-0.000996778513245162,-0.0007946176911187031,0.0004427332696424948,
388,CRTC1,-0.0012905357773770696,-0.001266204378202549,-0.0014114480014245142,-0.0004486781350681382,-0.0026422067163294864
389,SVIL,-0.001367986215563664,-0.0005385785908633995,-0.0014146306139592377,-0.0010001245512189913,
390,FAM184A,-0.0006037170656730557,,-0.00046681574654744255,-0.00011388021078718655,
391,GANC,-0.001108542745884877,-0.0013666031185852268,-0.001674848219590218,-6.907281980219997e-06,-0.001038354150399325
392,LINC02694,-0.00044634089252830293,-0.0002703004232838457,-0.0013366208144239416,-0.0008638418301895132,-0.0014558396113502764
393,ATG4C,,,,-0.00017144402324999024,
394,DNAJC1,-0.0005553549209322637,-0.0006520331951072504,-0.0010430640238680835,-0.0007348976603177458,-0.001329617528146993
395,DUSP16,-0.00045475772125664476,-0.0011275779648180296,-0.0006316837348847608,-0.0004815260282669308,-0.002097760097631048
396,FHOD1,-0.001828971970794173,0.0002878600170204849,-0.0002887093098011568,,
397,MRPS9,-0.0008142079031852149,-0.0012208841296986427,-0.0007846078548106985,-0.0014119836278509747,-0.0005490459869383225
398,CLYBL,-0.0005592053768452149,-0.0003706929675573716,-0.0005665092964249122,-0.0007198012903259776,
399,PHIP,-0.0003845217693029552,-0.00013358089007120544,-0.0015606652371985084,-0.0006472647156950066,-0.0025480979789928374
400,OGFOD3,,-0.001995448492426043,,-0.0006417132501292814,
401,LITAF,-0.0014592793485774594,-0.0011806333277831881,-0.002467174722031786,-0.001290893251548516,-0.006296477964103634
402,FOXN2,-0.001001586056849058,-0.0006535235822976776,-0.0011684259768142777,-0.0008433742880378757,-0.0020552960271866417
403,MIR181A1HG,-0.0009850643115292424,0.00026012197824074566,-0.0015372999025606016,0.00033391163326927827,-0.0017824916765974367
404,ST6GALNAC4,-9.956195680272707e-05,,,0.0007756666355304056,0.0009011526384625802
405,KCNH8,,,,,
406,ANKRD42,-0.0016790886267021273,-0.000774091784828259,-0.0016561552154938123,-0.0009594162420538954,
407,THAP5,0.00012773424879613214,-8.542640446791618e-05,,-0.0005668668355984724,-0.0013393642297496351
408,XYLT2,,-0.0007159532842122424,,-0.0008573867637394553,
409,GNAO1,-0.0005547888182166911,-0.0014589125855809133,,2.32027415325662e-06,
410,PLCB1,-0.0004999352267017355,-0.001187887464145193,,-0.004412639924088194,
411,IL1RAP,-0.0015819566219279386,-0.0009055232883484416,-0.0009311069104629751,-0.0009592571665987164,
412,OLA1,-0.0007769707081488747,-0.00011672566612362135,-0.0017814387897725726,-0.00025405692569988557,0.00027123103669673965
413,MCM3,-0.001114969164698853,,-0.0004533079838720186,-0.0001976261265344715,
414,LINC02340,-0.0010519586691846352,,-0.0009959588620668406,-0.00023042550657867856,
415,CPNE8,-0.0021003410436740352,-0.001271040860482995,-0.002847998430609266,-0.001424843630398999,
416,RNF2,-0.0006416991451326879,-0.0019387356217701202,-5.5484105288643865e-05,-0.0012963377027132399,
417,MRTFB,-0.001413544720263003,,,0.0002587773759349602,
418,STX8,-0.0006703010224453302,-0.000360270048645802,,-0.0006289257015144392,
419,GRAMD2B,0.00045183001951659696,-0.003470158079649349,-0.004494058464600421,-0.00028590508965372144,-0.0071191620611707924
420,SPAST,0.0006944215409285803,-0.0006858021480055194,-0.0014736754621815524,-0.00028969526903515654,-0.00033750562333433563
421,BCL2,-0.0008090387874774658,-0.00047841435437629993,-0.0008402945060814971,-0.00012013033579410387,-0.0006349080528591632
422,ALS2,-0.0008537937905122202,-0.0005551298448086732,-0.0008002817777373345,-0.0006274640741921605,-0.0034272794701974228
423,N4BP2L1,-0.0007207946048325524,-0.0004048028425430294,-0.0004027925230628091,-0.00098688970815935,-0.003933899539492476
424,PAQR3,-0.0021160473115275687,-0.0018120298313326214,-0.0008305662443614768,-0.0013037660827176162,-0.006587946965416916
425,FASTKD1,,-0.0008184029787681752,,-0.0010143765502740754,
426,LIMD1,0.0011154960356286724,-0.0016157035555940773,0.0005004937495096014,-0.0010431931313337247,0.005254430190244911
427,LONRF3,-0.0023352868006577873,-0.0009112744099977546,-0.002351106813727008,0.0009374644937659143,-0.005146966996816538
428,TMEM170B,-0.00041136727571958187,-0.000860467522206405,,0.0004478808779479152,
429,TFB2M,-1.1564396194506388e-06,4.726618913807566e-05,-0.0013214263483482987,-0.001724866199316946,-0.0017684279617059297
430,SHF,-0.0018894534173637331,,,-0.0006016346463090308,
431,KATNAL1,,,,,
432,DAG1,-0.0026120632150021424,-0.001068703999469794,-0.00021755555540063382,-0.0001582275511999645,0.0001437210333278295
433,ECE1,-0.0007585535562878963,-0.000774308745223027,-0.0008867060991772499,-0.001214048772849508,-0.0016545762572825855
434,LINC00662,-0.0017397248495917492,-0.0015704561618240572,-0.001684110458365905,-0.0008182027564563599,-0.001399220510551193
435,SNX14,-0.0022300002888028256,-0.0005737446952138268,-0.0015018598858645843,-0.0005551141920753337,-0.001693195395421631
436,PDCD10,-0.0012890759536446908,-0.0005250930596691072,-0.00013537628982075896,0.00010461176284790995,-0.001236411356269472
437,DTNB,0.00026885722291635807,-7.178105057724371e-05,-0.0020738045827194754,-0.0005401527040108586,-0.0024754204808935653
438,CREB3L2,-0.0007187995626769588,-0.0004533458574984108,-0.0008501257063903006,-8.74553177550412e-05,-4.7989626494255797e-05
439,RRBP1,-0.0010082054499295197,-0.0011491407918441457,-0.0003288810900562754,0.0005619911570592905,
440,PTPN22,-0.0009073076481584414,-0.0007982440838327992,7.210715653183097e-07,-0.00039907026795509525,-0.0020391270884977195
441,RAB28,-0.0010991908406450378,-0.0009193441609745747,-0.0005264364777738907,-0.000577382229700921,-0.0007993392445105069
442,BCL6,0.00017719272751882953,-0.0009747395532626081,-0.0006842412160092187,-0.0003813026358140594,-0.0006572097181936952
443,CDYL,-0.001228267511027543,-0.0014144445681091153,-0.0006187881802437699,-0.001158712313759182,-0.0026625124480206125
444,SWAP70,,,-0.0017580325829770448,,-0.0
445,WASHC3,-0.0005935462922815318,-0.000620741729824353,-0.0005911970167859571,-0.0008861396978764495,-0.0033096263798913974
446,LIMS1,-0.0015826493902668763,-0.0016832021539863132,-0.0007275089639627429,-0.0005652768559253479,-0.007015169952305993
447,ADD3-AS1,-0.0004909839743637515,0.00017350376444919338,,-0.00037086498677013635,
448,SUSD4,,-0.0013917918686992131,,,
449,ZNF251,-0.0009224919548026962,-0.0006575941090855436,-0.0011759450881277528,-0.0009358723557163721,
450,TDRD3,-0.0019851857725280767,-0.0009045685237966065,-0.000539200587962395,-0.0010126189510118316,-0.0003185223034906908
451,FAM131A,-0.00022776464716060645,,-0.0009810223918827812,,
