,gene,decouple_TAC,couple_TAC,decouple_cortex,couple_cortex,decouple_irs,couple_irs,decouple_medulla,couple_medulla
0,ENOX1,0.007122267558494044,-0.007132267558494044,0.0077486032549468065,-0.007758603254946806,-0.0017369042603232465,0.0017269042603232465,0.00673349644497459,-0.00674349644497459
1,DCTN1,0.004990567778923254,-0.005000567778923253,0.00613624391328027,-0.00614624391328027,0.002917810237047319,-0.002927810237047319,0.0033351739689014837,-0.0033451739689014837
2,MAGI1,0.005221483369023075,-0.0052314833690230746,0.00837207562943744,-0.008382075629437439,0.010316962256862308,-0.010326962256862308,0.008698200373775306,-0.008708200373775305
3,FBRSL1,0.008104358400799296,-0.008114358400799295,-0.00044824773363473513,0.0004382477336347351,0.0003582546433685968,-0.00036825464336859683,0.0031411147258009475,-0.0031511147258009476
4,KIF15,0.005616215589233017,-0.005626215589233017,-0.013420588786867277,0.013410588786867277,0.0002945127981022755,-0.0003045127981022755,-0.0046416967514950475,0.004631696751495048
5,TTYH2,0.011711607506496573,-0.011721607506496572,-0.024757860427616477,0.024747860427616477,0.004369586155662117,-0.004379586155662116,0.001645523094450499,-0.001655523094450499
6,RAB28,-0.0002656868398816098,0.00025568683988160977,0.0024601718470710215,-0.0024701718470710216,0.0013207266993223582,-0.0013307266993223582,-0.001742867413028218,0.0017328674130282179
7,CCDC171,0.006924116118152801,-0.006934116118152801,0.012269526081166604,-0.012279526081166604,-0.005646517576945662,0.005636517576945662,-0.008966327888029951,0.008956327888029952
8,WNT5A,0.0024976628831155923,-0.0025076628831155923,-0.00418074568862796,0.00417074568862796,0.002458366175985091,-0.002468366175985091,0.0009852180872108873,-0.0009952180872108874
9,NUP153,0.004948970883245474,-0.004958970883245473,0.008055812048651842,-0.008065812048651842,-0.0003233895413763399,0.0003133895413763399,0.005314926749055676,-0.005324926749055676
10,LTBP3,0.010286672399099667,-0.010296672399099666,0.007591775515819271,-0.007601775515819271,-0.001177948257401043,0.001167948257401043,0.004457843554568783,-0.004467843554568782
11,PITPNB,0.00726602118282841,-0.007276021182828409,0.009506899567506666,-0.009516899567506665,0.00738638491920067,-0.007396384919200669,0.008674586678964966,-0.008684586678964965
12,BRD1,0.00511563518815128,-0.005125635188151279,0.00899661435309354,-0.00900661435309354,0.007709646944463258,-0.007719646944463258,0.01097331397554785,-0.010983313975547849
13,BRIX1,0.0030832264469343104,-0.0030932264469343104,0.004579812646469478,-0.004589812646469477,-0.0014501094178376167,0.0014401094178376167,-0.0012642477140520358,0.0012542477140520358
14,RCL1,0.0075823561636919196,-0.007592356163691919,0.003332369206609162,-0.003342369206609162,0.00840538369358805,-0.00841538369358805,-0.011956177602367377,0.011946177602367377
15,DSC2,0.003785958637417805,-0.003795958637417805,-0.0014925324443553628,0.0014825324443553628,,,-0.010069705163637907,0.010059705163637907
16,ST5,0.006436261461332804,-0.0064462614613328036,0.008655120253416346,-0.008665120253416345,-0.007577302776606523,0.007567302776606524,0.00527229724201278,-0.00528229724201278
17,NOL8,-0.0005712427736809592,0.0005612427736809591,0.012178063737918021,-0.01218806373791802,-0.006076259765743927,0.0060662597657439275,-0.004678559394652365,0.0046685593946523656
18,BLM,0.008261896167981626,-0.008271896167981626,-0.0013956260655233615,0.0013856260655233615,-0.011081003239105505,0.011071003239105506,-0.0061588446240310735,0.006148844624031074
19,LRP4,0.007077827026489132,-0.007087827026489132,0.00591768741211568,-0.005927687412115679,0.0014552881470120543,-0.0014652881470120544,1.7060797081761003e-05,-2.7060797081761002e-05
20,PCDH7,0.003780545164919713,-0.003790545164919713,0.008901652913788721,-0.00891165291378872,0.006325936465442689,-0.006335936465442688,0.00655470407392196,-0.00656470407392196
21,MAP3K9,0.009963987027334614,-0.009973987027334614,-0.002002566025235325,0.001992566025235325,-0.0007697098330412822,0.0007597098330412821,-0.003155384605097955,0.003145384605097955
22,ZFP292,0.0013906390473319014,-0.0014006390473319014,0.009031086902524021,-0.009041086902524021,0.012874868329973838,-0.012884868329973837,0.009842723715125706,-0.009852723715125706
23,PEX7,0.010446417251802974,-0.010456417251802973,0.003484906042334826,-0.003494906042334826,0.004271420445644797,-0.004281420445644796,-0.002757790550108538,0.002747790550108538
24,SHQ1,0.0043815352547352596,-0.004391535254735259,0.015477376239560803,-0.015487376239560802,-0.04806866123337072,0.048058661233370714,-0.0028019434104003677,0.0027919434104003676
25,RRP1B,-0.0020235618144526513,0.0020135618144526512,0.00783495846650395,-0.00784495846650395,0.005390173484143959,-0.005400173484143959,0.0034814856584880344,-0.0034914856584880344
26,GOLGB1,0.0038890710971254683,-0.0038990710971254683,0.008855981972878471,-0.00886598197287847,0.006389979413448987,-0.006399979413448987,0.014047420719824219,-0.014057420719824219
27,UST,0.004216259513537268,-0.004226259513537268,0.01026438940460131,-0.01027438940460131,0.01610170789664213,-0.016111707896642128,0.0049733330142095605,-0.00498333301420956
28,CSGALNACT1,0.008345806376879476,-0.008355806376879476,0.00846888553214832,-0.00847888553214832,0.009126215761985843,-0.009136215761985842,0.010462544218090356,-0.010472544218090355
29,TM4SF1,0.010545670976078315,-0.010555670976078315,,,-0.026086778456388446,0.026076778456388446,-0.015138646136762218,0.015128646136762219
30,ZFYVE16,0.010841826418675801,-0.0108518264186758,-0.00022199171860093347,0.00021199171860093348,-0.0007555104992382905,0.0007455104992382905,-0.0118250864645736,0.0118150864645736
31,HMGXB3,0.003706289048450981,-0.003716289048450981,0.005719962414091423,-0.0057299624140914225,0.00462765570791468,-0.004637655707914679,0.0026431601953241096,-0.0026531601953241096
32,FANCL,0.004537352699710312,-0.0045473526997103116,-0.025644599484463397,0.025634599484463397,0.0025192900830284665,-0.0025292900830284665,-0.02711240566075259,0.02710240566075259
33,ZFP185,0.004606711404937194,-0.004616711404937194,0.010378096023370184,-0.010388096023370184,0.012157896475566449,-0.012167896475566448,0.013540588356514796,-0.013550588356514796
34,LPIN2,0.0023512469881600065,-0.0023612469881600065,-0.0006670978753402085,0.0006570978753402085,-0.0037246465412576757,0.0037146465412576757,0.005367088883288851,-0.00537708888328885
35,TBRG4,0.011053075918006458,-0.011063075918006458,-0.005399045811125283,0.0053890458111252836,-0.0020178550822699676,0.0020078550822699675,0.00023119688091401136,-0.00024119688091401136
36,MAP1B,-8.713794692408183e-05,7.713794692408183e-05,0.004663494848468716,-0.004673494848468716,,,0.013908314797003204,-0.013918314797003204
37,AAK1,0.004845803231757775,-0.004855803231757775,0.011481859261406116,-0.011491859261406116,0.005411972951932617,-0.005421972951932617,0.0028544840394723325,-0.0028644840394723326
38,TFG,0.009037719725871009,-0.009047719725871008,0.0036588982617984517,-0.0036688982617984517,-0.008426231261435407,0.008416231261435408,-0.0020095614706064496,0.0019995614706064496
39,PLXNA2,0.0013883760513739435,-0.0013983760513739435,0.012811753934178813,-0.012821753934178812,0.00867626291700721,-0.00868626291700721,0.009760550041435792,-0.009770550041435792
40,STK4,0.0028788358662918886,-0.0028888358662918887,0.005784265576908351,-0.005794265576908351,-0.007350810852898043,0.0073408108528980436,-0.004043066710194929,0.004033066710194929
41,MAK16,0.0002046671340925621,-0.0002146671340925621,0.006365254752749724,-0.006375254752749724,-0.01231442833186655,0.01230442833186655,-0.0033481068258998242,0.003338106825899824
42,HAS2,0.003763382672304999,-0.003773382672304999,-0.011164960497090655,0.011154960497090655,-0.01995870785056722,0.01994870785056722,,
43,DNMT1,0.006538972540418131,-0.0065489725404181305,0.01047278110989415,-0.01048278110989415,0.0013321838875448438,-0.0013421838875448439,0.0026712200810643377,-0.0026812200810643378
44,LARS2,0.0009171759601940971,-0.0009271759601940971,0.000506935001603051,-0.0005169350016030511,0.002216300124413484,-0.002226300124413484,0.000752292791638895,-0.000762292791638895
45,UBALD2,0.005088972830764572,-0.005098972830764572,0.008586070507411933,-0.008596070507411933,-0.014042592282591214,0.014032592282591214,-0.014205600261425963,0.014195600261425963
46,TUBGCP4,0.002689167276661693,-0.002699167276661693,0.003980168680026083,-0.003990168680026083,-0.008087823997141502,0.008077823997141503,0.0034775255883379985,-0.0034875255883379985
47,MEF2D,0.010237653416661524,-0.010247653416661524,0.0029615194919900556,-0.0029715194919900556,-0.006732051395631669,0.0067220513956316695,0.0016448419936310327,-0.0016548419936310327
48,IMMP2L,0.005225638238006494,-0.005235638238006494,0.011372940966552308,-0.011382940966552308,0.013171078631967745,-0.013181078631967744,0.009475301947079046,-0.009485301947079045
49,HEXB,0.0032086356209017203,-0.0032186356209017203,0.008438800514433936,-0.008448800514433936,0.006492559227627162,-0.006502559227627162,0.0012287656672028135,-0.0012387656672028136
50,CDC25A,0.005193992743994194,-0.005203992743994194,-0.001064366757729654,0.001054366757729654,-0.0017678743072884473,0.0017578743072884473,-0.01935373998502045,0.01934373998502045
51,POLD3,0.010654987056328412,-0.010664987056328411,-0.01602894045865698,0.01601894045865698,-0.015269848516935108,0.015259848516935109,-0.012735512704161456,0.012725512704161456
52,CRYBG3,0.00538426586639891,-0.00539426586639891,0.013768011300878596,-0.013778011300878596,0.003514472693355683,-0.003524472693355683,0.0044970791083109585,-0.004507079108310958
53,PADI1,,,,,,,4.493510193856465e-05,-5.493510193856465e-05
54,CLK3,0.010413321704371967,-0.010423321704371966,0.01575881837483148,-0.01576881837483148,0.0063981964509390865,-0.006408196450939086,0.004640783807802237,-0.004650783807802237
55,PGRMC2,0.0033854454246671217,-0.0033954454246671218,0.00037913454532613466,-0.0003891345453261347,-0.006147072367011355,0.006137072367011356,-0.01503554340989928,0.01502554340989928
56,9930021J03RIK,0.004987106472430891,-0.004997106472430891,0.009682472387271032,-0.009692472387271032,0.005156056728911895,-0.005166056728911895,0.00532445459835558,-0.005334454598355579
57,UNK,0.008922066239521236,-0.008932066239521235,0.006831127126584818,-0.006841127126584818,0.007054554262635612,-0.007064554262635612,0.00045602300428930487,-0.0004660230042893049
58,CDC37L1,-0.0004917562519064986,0.00048175625190649855,0.005858425194086345,-0.005868425194086344,0.00949740559841103,-0.009507405598411029,0.0018798968884293915,-0.0018898968884293915
59,SUPT3,0.005835496722672362,-0.0058454967226723616,0.006927399021336114,-0.006937399021336114,-0.024561253369605643,0.024551253369605643,0.0017037642729978986,-0.0017137642729978986
60,AGL,-0.0024231317546601835,0.0024131317546601835,0.006579186315971708,-0.0065891863159717075,-0.03800595979914132,0.03799595979914132,0.004814613571623383,-0.0048246135716233825
61,TRMT1,0.00786289460846238,-0.00787289460846238,0.00807923592221746,-0.008089235922217459,-0.009922007893868087,0.009912007893868088,-0.010066510906179785,0.010056510906179785
62,MAF,-0.00013608644480061355,0.00012608644480061355,-0.007216690416495017,0.007206690416495017,0.007013994281586972,-0.007023994281586971,0.006067228528284743,-0.006077228528284743
63,SKAP2,0.003485432583589146,-0.003495432583589146,0.004904222598473035,-0.004914222598473034,0.005250820710428539,-0.005260820710428538,0.0025758447538016677,-0.0025858447538016677
64,MCM9,0.0039387960171168995,-0.003948796017116899,0.0010611850650146665,-0.0010711850650146665,-0.014345256043424959,0.01433525604342496,-0.009577429623317896,0.009567429623317896
65,RNF115,0.00493512330233585,-0.00494512330233585,0.004987013094610429,-0.004997013094610429,0.006395871143556331,-0.0064058711435563305,-0.0006098093373024943,0.0005998093373024943
66,MPHOSPH8,0.004179451106871235,-0.004189451106871234,-0.004069327780414661,0.0040593277804146614,-0.011506398557934672,0.011496398557934672,0.0018431254908309047,-0.0018531254908309047
67,RABGGTB,0.006484338537914594,-0.006494338537914594,0.008771985009130553,-0.008781985009130553,-0.012623211417531102,0.012613211417531103,0.004995601221413626,-0.005005601221413625
68,AREG,0.0042324825403302554,-0.004242482540330255,0.0009570122167287809,-0.0009670122167287809,,,0.005832208659458771,-0.00584220865945877
69,ANKRD26,0.009828348421478388,-0.009838348421478387,0.003955735202547592,-0.003965735202547591,0.0007952644160963696,-0.0008052644160963696,-0.011073333258227874,0.011063333258227875
70,FBXO34,0.0016405552386541122,-0.0016505552386541123,0.0035689110219658676,-0.0035789110219658677,-0.01626673161139293,0.01625673161139293,-0.005001307306941219,0.004991307306941219
71,ANKRD52,0.003936026844726416,-0.003946026844726416,0.004240807255153398,-0.004250807255153397,-0.002587579228163314,0.002577579228163314,-0.004432853469766601,0.0044228534697666015
72,DPAGT1,-0.002406637525134925,0.0023966375251349248,,,-0.04476863273171501,0.04475863273171501,,
73,CENPC1,0.006427426669047026,-0.006437426669047026,-0.0060173572856282165,0.006007357285628217,-0.00019352171926113881,0.00018352171926113881,-0.009574310815551185,0.009564310815551185
74,PDLIM5,0.005000671005754409,-0.005010671005754409,0.006249306978986707,-0.006259306978986707,0.0003016617588438575,-0.0003116617588438575,0.0035659559002555186,-0.0035759559002555186
75,TOPBP1,0.007288234952549738,-0.007298234952549738,0.004955157340972113,-0.004965157340972113,0.008527128421662866,-0.008537128421662866,0.016650817425941628,-0.016660817425941627
76,DYNC2H1,0.002982087864592718,-0.002992087864592718,0.01553260346095707,-0.01554260346095707,0.008092042884497413,-0.008102042884497413,0.0035857011037478542,-0.0035957011037478542
77,CTDSPL2,0.005363535752874682,-0.0053735357528746815,0.003524418808402166,-0.003534418808402166,-0.00869775490879697,0.00868775490879697,0.012179276483329393,-0.012189276483329393
78,KRT10,0.0035145883864475397,-0.0035245883864475397,0.011324995346050429,-0.011334995346050428,0.0064170424030100814,-0.006427042403010081,0.004464791586153344,-0.004474791586153343
79,NDUFS4,0.004427128326255553,-0.004437128326255552,0.007629456029262474,-0.007639456029262474,0.008584109784802882,-0.008594109784802881,0.002816671334286952,-0.002826671334286952
80,ATP11A,0.004116240133651798,-0.004126240133651798,0.005584427556776864,-0.005594427556776863,0.004836066780031095,-0.004846066780031095,0.012656515417757294,-0.012666515417757294
81,EXOC6B,0.005461306278501672,-0.005471306278501672,0.00959705474846674,-0.00960705474846674,0.0064324741606976155,-0.006442474160697615,0.0057443344197304486,-0.005754334419730448
82,BRD8,0.0017692434686993747,-0.0017792434686993747,0.009016264003164007,-0.009026264003164006,-0.002424873941014455,0.002414873941014455,0.003817013705926464,-0.003827013705926464
83,SLC16A9,0.004839724723712316,-0.0048497247237123155,-0.020999117410470225,0.020989117410470225,0.0025088107393769626,-0.0025188107393769627,-0.03022765868050354,0.03021765868050354
84,PTCH1,0.005649089798440879,-0.0056590897984408785,0.012307872677543047,-0.012317872677543047,0.002310109074407471,-0.002320109074407471,0.0022870438749491157,-0.0022970438749491157
85,SLC27A6,0.004457805426301441,-0.00446780542630144,0.009876515245707929,-0.009886515245707928,,,,
86,PRPF18,0.004001249577316651,-0.004011249577316651,0.005965331946770042,-0.005975331946770041,-0.0045210289802710135,0.004511028980271014,0.00797485714632161,-0.007984857146321609
87,RPTOR,0.006599715014126151,-0.00660971501412615,0.010044686227855495,-0.010054686227855495,0.009640746314436358,-0.009650746314436357,0.006876806568492974,-0.006886806568492974
88,INCENP,0.006937999071092049,-0.006947999071092049,-0.004996016214495899,0.0049860162144959,-0.013629158580029714,0.013619158580029714,-0.013618575998871979,0.01360857599887198
89,UBN2,0.0055795994132566,-0.0055895994132566,0.010679480757084941,-0.010689480757084941,0.007979374287735347,-0.007989374287735346,0.004154549463300419,-0.004164549463300419
90,NOTCH3,0.01132338094163779,-0.011333380941637789,0.007870370408063779,-0.007880370408063778,-0.0028376168251298545,0.0028276168251298544,0.008698359947537912,-0.008708359947537912
91,SF1,0.005644351799583412,-0.005654351799583412,0.00996990848718042,-0.00997990848718042,-0.0008038510520796543,0.0007938510520796543,0.009744499260937414,-0.009754499260937414
92,E130308A19RIK,0.002086049967722277,-0.002096049967722277,0.0038404656091213935,-0.0038504656091213935,0.0031688680554584764,-0.0031788680554584764,0.003873666018797739,-0.003883666018797739
93,COL13A1,,,,,,,0.00890651398579484,-0.008916513985794839
94,POLR2A,0.009039941397784496,-0.009049941397784495,0.009156712336783612,-0.009166712336783612,0.0021149906051239897,-0.0021249906051239898,-0.0007891007276220885,0.0007791007276220885
95,PRR14L,0.006081770136555975,-0.006091770136555975,0.008530098335656211,-0.00854009833565621,0.0050957048487959705,-0.00510570484879597,0.001324677211220024,-0.001334677211220024
96,OPTN,0.0027345018666801307,-0.0027445018666801308,0.013463642971760323,-0.013473642971760322,,,-0.006681449628486505,0.006671449628486505
97,INTS2,0.0005611037158368415,-0.0005711037158368415,0.009004974839813107,-0.009014974839813106,-0.001506339033370649,0.0014963390333706489,0.002512213880335956,-0.002522213880335956
98,PPP1R12A,0.002726459581056939,-0.0027364595810569392,0.00862926074446993,-0.00863926074446993,0.01062752332324135,-0.01063752332324135,0.006100922035909298,-0.006110922035909298
99,CPSF3,0.0034867893044909504,-0.0034967893044909504,0.0069703493110011144,-0.006980349311001114,-0.0018764059036444902,0.0018664059036444902,-0.00022340121840203064,0.00021340121840203064
100,DOCK1,0.0031291712558401408,-0.003139171255840141,0.012342835018415516,-0.012352835018415515,0.0006683744496878835,-0.0006783744496878835,0.009584722843763799,-0.009594722843763798
101,NTN1,0.010455790809272947,-0.010465790809272946,,,-0.03673327295962371,0.03672327295962371,-0.003461308986358075,0.003451308986358075
102,TANGO6,0.0024917761021842275,-0.0025017761021842275,0.010121268744888001,-0.010131268744888,-0.008841693851356552,0.008831693851356553,0.0038080826059669476,-0.0038180826059669476
103,FAM13B,0.0016127950021999488,-0.0016227950021999488,0.008378610954207999,-0.008388610954207999,0.008495092441581795,-0.008505092441581794,0.01061059067242845,-0.010620590672428449
104,KRT25,0.007106434614551391,-0.00711643461455139,0.007271316944371997,-0.007281316944371997,0.010756294092496899,-0.010766294092496898,0.008783403278599541,-0.008793403278599541
105,NOC2L,0.007654484648566273,-0.007664484648566273,0.0050466021972930125,-0.005056602197293012,0.004969972309443377,-0.004979972309443376,-0.0015647692781765449,0.0015547692781765448
106,LIG1,0.0035088461671577142,-0.0035188461671577143,0.0013822028974078276,-0.0013922028974078277,-0.038998947699262376,0.03898894769926237,-0.02140053490763448,0.02139053490763448
107,SPG11,0.0038382722647793133,-0.0038482722647793133,0.0017269285247887844,-0.0017369285247887845,0.004435357058376388,-0.0044453570583763875,-3.028689446959998e-06,-6.971310553040003e-06
108,ARHGEF10L,-0.0026594582576767306,0.0026494582576767306,0.007885905159328202,-0.007895905159328202,-0.00555728778964136,0.005547287789641361,-0.006194528110792796,0.006184528110792797
109,CHD1L,0.0024801611059736273,-0.0024901611059736273,-0.00557609835784853,0.0055660983578485305,-0.015593467122325282,0.015583467122325282,-0.0020241808762640895,0.0020141808762640895
110,GHITM,0.012929914800904718,-0.012939914800904718,0.0008389360096437287,-0.0008489360096437287,0.0014001172035053994,-0.0014101172035053994,-0.006263641412821236,0.006253641412821236
111,KRT75,0.012507486981455283,-0.012517486981455283,-0.010115795801254858,0.010105795801254858,-0.009958142596482603,0.009948142596482603,0.00614529998440258,-0.00615529998440258
112,OTUD4,0.002689900552953803,-0.002699900552953803,0.006201560219319738,-0.006211560219319737,-0.003729238377258165,0.003719238377258165,0.0010306262789973458,-0.0010406262789973459
113,LYPD6,0.009992412214462149,-0.010002412214462148,0.010352547942927143,-0.010362547942927142,,,0.006648451199428307,-0.0066584511994283065
114,CSRP1,0.0054020895925840084,-0.005412089592584008,0.005832569789746889,-0.005842569789746888,-0.0066916190646363755,0.006681619064636376,-0.0007480389427999556,0.0007380389427999556
115,SDCCAG8,0.004740525911084828,-0.004750525911084828,0.004513460665853425,-0.0045234606658534245,-0.0013218282242888624,0.0013118282242888623,-0.0019358245466844226,0.0019258245466844226
116,AKAP10,0.004139046902156621,-0.00414904690215662,0.01330052566277952,-0.013310525662779519,0.0065107209956410395,-0.006520720995641039,0.0034523527381272734,-0.0034623527381272734
117,COL23A1,0.00452909708758184,-0.00453909708758184,0.0010386495720260541,-0.0010486495720260542,-0.013518679791603226,0.013508679791603227,0.007950471335564147,-0.007960471335564146
118,RSRC1,0.0013776797079874115,-0.0013876797079874115,0.011089829414062863,-0.011099829414062862,0.008178405091482252,-0.008188405091482252,0.008075247317311726,-0.008085247317311726
119,MKI67,0.003451648522934142,-0.003461648522934142,0.009318488897624502,-0.009328488897624502,0.010475570635748624,-0.010485570635748623,0.002026156948387134,-0.002036156948387134
120,ATF7IP,0.003730011643482467,-0.003740011643482467,0.010533872168597191,-0.010543872168597191,0.0019969250652739357,-0.0020069250652739357,0.004812815878641172,-0.004822815878641171
121,DSC1,0.00875799775216167,-0.00876799775216167,-0.010737847036459566,0.010727847036459567,0.009316559240455435,-0.009326559240455435,0.012880513851515271,-0.01289051385151527
122,METTL5,-0.001864917641064591,0.001854917641064591,-0.0010466075635723465,0.0010366075635723465,-0.03361890202325309,0.03360890202325309,-0.016270987082854578,0.01626098708285458
123,2610507B11RIK,0.007315697485684454,-0.0073256974856844535,0.00835716758702,-0.00836716758702,-0.0028295539214176213,0.0028195539214176213,0.0028449456763948444,-0.0028549456763948444
124,ZDHHC13,0.000457091340507948,-0.000467091340507948,0.012446198693555746,-0.012456198693555746,-0.0057130491591971255,0.005703049159197126,0.004593392414814407,-0.004603392414814406
125,ABCF2,0.007875470818497293,-0.007885470818497293,-0.0023658133389606456,0.0023558133389606456,-0.010531940267753948,0.010521940267753948,0.0017344814028942973,-0.0017444814028942973
126,PGS1,-0.0007681057743569517,0.0007581057743569516,0.0023809990172108525,-0.0023909990172108525,-0.010851637308339115,0.010841637308339116,0.00657174134022924,-0.006581741340229239
127,SMPD3,0.0032132262095796657,-0.0032232262095796657,-0.0030168276242178993,0.0030068276242178993,,,,
128,MTM1,0.003352242281630627,-0.003362242281630627,0.0005508252248650758,-0.0005608252248650758,-0.00046510038565827916,0.00045510038565827913,0.010110992876329994,-0.010120992876329993
129,SLC16A10,0.003644455604839454,-0.003654455604839454,0.0037301447657142883,-0.0037401447657142884,-0.021300396608000476,0.021290396608000476,0.006051750082935126,-0.006061750082935125
130,SZT2,0.00034493211450449535,-0.00035493211450449537,0.011317448384765394,-0.011327448384765394,-0.004590550940221913,0.004580550940221913,0.0045493910622311645,-0.004559391062231164
131,CEP164,0.008103112710664905,-0.008113112710664904,0.008279241247539953,-0.008289241247539953,0.004220629713419591,-0.00423062971341959,0.008964167105210197,-0.008974167105210196
132,EDNRA,0.0056941367285702205,-0.00570413672857022,0.010098166298893041,-0.01010816629889304,,,0.0092726987001817,-0.0092826987001817
133,RABGEF1,0.0038503214416503798,-0.00386032144165038,0.007086977709683334,-0.007096977709683334,-0.008270040563623557,0.008260040563623557,0.004768042294294034,-0.004778042294294033
134,COL18A1,0.0036972673454104266,-0.0037072673454104266,0.007426895325886029,-0.007436895325886029,-0.020088161798884653,0.020078161798884653,0.011541684881448952,-0.011551684881448952
135,RNF13,0.009510276858504897,-0.009520276858504897,0.004796456154469192,-0.0048064561544691915,-0.0016616079823055935,0.0016516079823055935,0.0007359211213890104,-0.0007459211213890105
136,MB21D2,0.010168714302202272,-0.010178714302202272,0.004216281750611811,-0.004226281750611811,0.011757365916093873,-0.011767365916093873,0.0025263384423513946,-0.0025363384423513946
137,PDCD4,0.004666925695555393,-0.004676925695555393,0.01314961277745326,-0.013159612777453259,0.009892652272854949,-0.009902652272854948,0.007489983711559747,-0.007499983711559747
138,PIGN,0.010485829716271981,-0.010495829716271981,0.0071894767867602405,-0.00719947678676024,-0.004192136224004064,0.004182136224004065,0.007844273380997968,-0.007854273380997968
139,SMC2,0.00858548895395693,-0.00859548895395693,0.0034825311402843367,-0.0034925311402843368,-0.008106849821767806,0.008096849821767806,0.0007154735430861536,-0.0007254735430861537
140,MCM4,0.0063098215924449474,-0.006319821592444947,-0.0009033174638648778,0.0008933174638648777,-0.018645422266079993,0.018635422266079994,-0.016123855926325703,0.016113855926325703
141,TXNIP,0.0050532479612381345,-0.005063247961238134,0.007740809993804429,-0.0077508099938044285,-0.01032351178489714,0.010313511784897141,0.0019065570780690683,-0.0019165570780690683
142,IFT80,0.011412237263086565,-0.011422237263086565,0.0023399002684828113,-0.0023499002684828113,-0.03207265143798477,0.032062651437984764,-0.003801225351994744,0.003791225351994744
143,MLEC,0.0046811059495458565,-0.004691105949545856,-0.00022602404296521994,0.00021602404296521994,-0.008745109756111119,0.00873510975611112,-0.005251691690854987,0.0052416916908549875
144,CEP290,0.005288830871802465,-0.0052988308718024645,0.007160485476726583,-0.007170485476726583,-0.004636926417693532,0.0046269264176935325,0.006190519877052811,-0.00620051987705281
145,WDR61,0.007376964000530117,-0.007386964000530117,0.006490922205232938,-0.0065009222052329375,-0.006278111804044903,0.006268111804044903,-0.002053061452907623,0.002043061452907623
146,KRT72,0.0013357347390327151,-0.0013457347390327151,,,-0.03379174135661234,0.033781741356612334,,
147,PRPF39,0.004806834972810994,-0.004816834972810994,0.008924021409414326,-0.008934021409414326,0.009269244186812103,-0.009279244186812103,0.007913770830027617,-0.007923770830027616
148,SERGEF,0.0042417244949499305,-0.00425172449494993,0.013053206768714423,-0.013063206768714423,-0.008674226028479531,0.008664226028479532,0.006701645516652768,-0.006711645516652768
149,RAD54B,0.010845510329479793,-0.010855510329479793,0.006677929079106276,-0.006687929079106276,-0.024773829629907256,0.024763829629907256,-0.019884297805218477,0.019874297805218478
150,ZZEF1,0.0033302758631511137,-0.0033402758631511137,0.013095866100198736,-0.013105866100198735,0.012247814113900843,-0.012257814113900842,0.0035926975272214945,-0.0036026975272214945
151,ABL2,0.0038143050193630776,-0.0038243050193630776,0.007189296569515516,-0.0071992965695155155,0.008853086267105875,-0.008863086267105875,0.009559623438671797,-0.009569623438671796
152,ACVR1B,0.004338666687965655,-0.004348666687965654,0.004609571552937841,-0.004619571552937841,0.002452116189370482,-0.002462116189370482,0.001357154536210825,-0.001367154536210825
153,ADARB1,0.008401448229019115,-0.008411448229019115,0.0024772212194024007,-0.0024872212194024007,-0.01402050151309328,0.014010501513093281,0.005859370209254852,-0.005869370209254852
154,AFF3,0.005411321603627228,-0.005421321603627228,0.014147069366094611,-0.01415706936609461,0.008533933423278878,-0.008543933423278877,0.008040447738561662,-0.008050447738561662
155,AGPAT3,0.008364078789824064,-0.008374078789824064,0.009291879117266214,-0.009301879117266213,0.00675294418742986,-0.00676294418742986,0.0012311976977980726,-0.0012411976977980727
156,ARHGAP29,0.0015925717616174784,-0.0016025717616174784,0.010436343303169435,-0.010446343303169434,-0.005121897914417833,0.005111897914417834,0.00197192935352547,-0.00198192935352547
157,ATF3,0.004119870139217954,-0.004129870139217954,0.007410893996649445,-0.007420893996649445,0.005537796002564752,-0.005547796002564751,0.003153057839482304,-0.003163057839482304
158,ATP13A2,0.0012372593413923147,-0.0012472593413923147,0.011212649785697817,-0.011222649785697817,0.003615103627601715,-0.003625103627601715,0.003273839130608705,-0.003283839130608705
159,AZIN1,0.004389997456941672,-0.004399997456941671,0.014041722562816314,-0.014051722562816314,0.001987577624847539,-0.001997577624847539,0.0036084419770278653,-0.0036184419770278653
160,BNC2,0.0026175259370324055,-0.0026275259370324056,0.0074409895463413145,-0.007450989546341314,0.011419177008864953,-0.011429177008864953,0.006878777709457523,-0.006888777709457523
161,BRAF,0.006455782658381579,-0.006465782658381578,0.008374958838839777,-0.008384958838839777,0.01055303841969188,-0.010563038419691879,0.008094127284061461,-0.008104127284061461
162,BTG2,0.006190638488418311,-0.006200638488418311,0.0108169191949712,-0.0108269191949712,0.005794815541277559,-0.005804815541277559,0.005088398902649019,-0.0050983989026490185
163,CGNL1,-4.0443141465937305e-05,3.0443141465937305e-05,-0.016013318456919,0.016003318456919,,,-0.006480126566195635,0.006470126566195635
164,CHD2,0.005015196189744817,-0.005025196189744816,0.0068943068574943145,-0.006904306857494314,-0.0014274264603459652,0.0014174264603459652,0.00351112114959469,-0.00352112114959469
165,CHD6,0.0026558744735371426,-0.0026658744735371426,0.008931863865349485,-0.008941863865349484,0.009021949341085647,-0.009031949341085647,0.012956958904795354,-0.012966958904795354
166,COL17A1,0.004473031989264034,-0.004483031989264034,0.008074023023548052,-0.008084023023548052,0.011724532738802085,-0.011734532738802084,0.009440742068087093,-0.009450742068087093
167,CPNE8,0.004559564917867985,-0.004569564917867985,-0.007071682580718608,0.007061682580718608,0.001970836596150799,-0.001980836596150799,0.005092149258585352,-0.005102149258585351
168,CTDSP2,0.0091763101576837,-0.009186310157683699,0.0026220621481412992,-0.0026320621481412993,-0.019501781713818167,0.019491781713818167,-0.006600108955897702,0.006590108955897702
169,CUX1,0.0024842433400541486,-0.0024942433400541486,0.011464867837390605,-0.011474867837390604,0.008899272313069681,-0.00890927231306968,0.011315802658165952,-0.011325802658165952
170,CXCL14,0.007908448851248417,-0.007918448851248417,0.0034486729472158334,-0.0034586729472158334,-0.02135497637574508,0.02134497637574508,-0.0031444762281254146,0.0031344762281254146
171,DAB2IP,0.0028227218377012905,-0.0028327218377012906,0.006977043843940933,-0.006987043843940933,0.011934801230510272,-0.011944801230510272,0.0022544569993567104,-0.0022644569993567104
172,DDIT4,0.00480210072341658,-0.00481210072341658,-0.007867175139641608,0.007857175139641608,-0.018090178642229574,0.018080178642229574,-0.012139455692021517,0.012129455692021517
173,DLX3,0.009006282799742062,-0.009016282799742061,0.0032105181346175488,-0.003220518134617549,0.00845600546140321,-0.00846600546140321,0.009678133702683209,-0.009688133702683208
174,DNAJB1,0.0034638310296097735,-0.0034738310296097735,0.006512260263748584,-0.006522260263748584,-0.0074023862406370905,0.007392386240637091,-0.00660846936902558,0.00659846936902558
175,DSP,0.0036813045764800267,-0.0036913045764800268,0.00995280527216863,-0.00996280527216863,0.009055042302682628,-0.009065042302682628,0.006586748662475689,-0.006596748662475688
176,EGR3,0.0064333816930779025,-0.006443381693077902,0.007862477180770225,-0.007872477180770224,-0.005598007338094485,0.0055880073380944854,0.005954363383673986,-0.005964363383673985
177,EPHB6,0.00973455421252259,-0.009744554212522589,-0.0002451477360664589,0.0002351477360664589,-0.01664876794670901,0.016638767946709012,0.002271527308983723,-0.002281527308983723
178,ERF,0.009767679535839006,-0.009777679535839006,0.009846588117594507,-0.009856588117594507,-0.014025396996767456,0.014015396996767456,-0.007731523835399906,0.0077215238353999065
179,FAM120A,0.0030417210966422054,-0.0030517210966422054,0.0100778386133831,-0.0100878386133831,0.008263023774928338,-0.008273023774928338,0.008003346365237293,-0.008013346365237293
180,FGFR1,0.0030682765470195147,-0.0030782765470195148,0.0021537451991106987,-0.0021637451991106988,0.006018929741853252,-0.006028929741853251,-0.01277796730275245,0.01276796730275245
181,FGFR2,0.0028364604989312564,-0.0028464604989312564,0.008078311787859074,-0.008088311787859074,0.011741310329133198,-0.011751310329133197,0.0088535769225635,-0.0088635769225635
182,FGFR3,-0.0007872539102033727,0.0007772539102033726,0.012916698062697324,-0.012926698062697323,-0.0041783674681564326,0.004168367468156433,-0.01042420938938611,0.01041420938938611
183,FHOD3,0.005782753570520591,-0.00579275357052059,0.01200654804533198,-0.01201654804533198,0.012026380810418416,-0.012036380810418416,0.008656215363115477,-0.008666215363115477
184,FNBP1,0.004485539079817177,-0.004495539079817177,0.009053996816580007,-0.009063996816580006,0.0066374607063041935,-0.006647460706304193,0.004586179063055848,-0.004596179063055848
185,FNDC3B,0.00340098973319395,-0.00341098973319395,0.009952921885100594,-0.009962921885100593,-0.003615716472545716,0.003605716472545716,0.009260493328602126,-0.009270493328602126
186,FST,0.0014681238950476488,-0.0014781238950476489,-0.009240871807990478,0.009230871807990478,-0.00953557880218664,0.00952557880218664,-0.01645770419959624,0.01644770419959624
187,GOLIM4,0.003018292578076079,-0.003028292578076079,0.009524566177908617,-0.009534566177908616,0.0021811174705937547,-0.0021911174705937547,0.008125613453499755,-0.008135613453499755
188,GRHL1,0.005662722466970124,-0.005672722466970124,0.008713520765030694,-0.008723520765030694,-0.0004355402520620777,0.00042554025206207767,0.006070693804604649,-0.006080693804604648
189,GRHL2,-0.000988702947016848,0.0009787029470168479,0.009884743816274355,-0.009894743816274355,-0.006399585678040665,0.006389585678040665,0.0036950150064277987,-0.0037050150064277987
190,GSE1,0.003775880691927483,-0.003785880691927483,0.0049791158131777535,-0.004989115813177753,0.0010065387336202353,-0.0010165387336202353,0.007452599069005195,-0.007462599069005194
191,HDAC4,0.004055583892873332,-0.004065583892873332,0.010142855569260867,-0.010152855569260866,0.013435076135970156,-0.013445076135970156,0.007387602723440426,-0.007397602723440425
192,HOXB6,0.009379944612045131,-0.00938994461204513,0.00224680440858141,-0.00225680440858141,-0.011883901375997527,0.011873901375997527,-0.0010343373447986165,0.0010243373447986165
193,HOXC13,0.005027875792057768,-0.005037875792057767,0.007276738936792371,-0.00728673893679237,-0.02542703632128126,0.02541703632128126,-1.937526529115219e-05,9.375265291152188e-06
194,HTRA1,-0.0009921710619872001,0.0009821710619872,0.006716068895453939,-0.006726068895453938,-0.017679082604670424,0.017669082604670424,0.0021363390039084162,-0.0021463390039084163
195,ID3,0.00616732325655725,-0.00617732325655725,-0.0029390789931442035,0.0029290789931442035,-0.01060004205038824,0.01059004205038824,-0.013516241623622562,0.013506241623622562
196,IFFO2,0.0068818465979212096,-0.006891846597921209,0.0005373842694199604,-0.0005473842694199605,0.0031855520309507918,-0.003195552030950792,0.008180153298564016,-0.008190153298564016
197,IRX2,0.007333601972273875,-0.007343601972273874,0.003601682017306776,-0.003611682017306776,-0.004677071230045973,0.004667071230045974,0.0027321009071639285,-0.0027421009071639285
198,ISM1,0.009707389837762037,-0.009717389837762037,0.0006639615867528315,-0.0006739615867528315,-0.003392055725590176,0.003382055725590176,-0.012216571729135886,0.012206571729135886
199,ITGA6,0.003675761772153771,-0.003685761772153771,0.009675605552483271,-0.00968560555248327,-0.000234028462647487,0.000224028462647487,0.009067028398543314,-0.009077028398543314
200,ITGB5,0.004548623605092131,-0.00455862360509213,0.008489555472345978,-0.008499555472345977,0.010528270464755615,-0.010538270464755615,-0.0006726129559637833,0.0006626129559637833
201,JAG1,0.0034382507114905647,-0.0034482507114905647,0.004619545598313346,-0.004629545598313346,0.005941589639613873,-0.0059515896396138725,0.005223444865532029,-0.005233444865532028
202,KLF6,0.002051433759788071,-0.002061433759788071,0.010999754806367015,-0.011009754806367015,0.008736019366277728,-0.008746019366277728,0.00048361354958761926,-0.0004936135495876193
203,KLHL29,0.005897389641360329,-0.005907389641360328,0.007557876147437165,-0.007567876147437164,-0.004683011513596083,0.0046730115135960835,0.004801977835350094,-0.004811977835350093
204,KRT17,0.003319369865855848,-0.003329369865855848,0.009562825932843452,-0.009572825932843452,0.003350284215117308,-0.003360284215117308,0.011011824435453621,-0.01102182443545362
205,LEF1,0.004535093496727954,-0.004545093496727954,0.005703940820326908,-0.005713940820326908,0.004943050671604346,-0.0049530506716043456,0.007849901214154825,-0.007859901214154825
206,LGALS3,0.0035042870569943485,-0.0035142870569943485,0.005744612581420339,-0.005754612581420338,-0.007935857679451971,0.007925857679451972,0.007666153194734182,-0.007676153194734182
207,LRP1,0.003479375069574124,-0.003489375069574124,0.0102447762648252,-0.0102547762648252,0.0024963177111632096,-0.0025063177111632096,0.010848635123852549,-0.010858635123852548
208,LRRFIP1,0.007885663468492371,-0.00789566346849237,0.012263767795034797,-0.012273767795034796,0.007469644275301321,-0.0074796442753013205,-0.006022185544148309,0.0060121855441483095
209,LRRFIP2,0.002487856539534372,-0.002497856539534372,0.016960437979890775,-0.016970437979890774,-0.0014143067957724659,0.0014043067957724658,0.007531505325334462,-0.007541505325334461
210,MACF1,0.003040342794936826,-0.003050342794936826,0.006596890096574104,-0.0066068900965741036,0.00964322506852279,-0.00965322506852279,0.006133246888974833,-0.006143246888974833
211,MAML3,0.00530395151631359,-0.00531395151631359,0.006487847869320995,-0.006497847869320995,0.005288116919929739,-0.005298116919929739,0.001561694492962326,-0.0015716944929623261
212,MBD2,0.0038368276030112114,-0.0038468276030112114,0.007453042620357453,-0.0074630426203574525,0.008912148765446867,-0.008922148765446867,0.008212188674330004,-0.008222188674330003
213,MICAL2,0.005576311902587006,-0.005586311902587005,0.007396192124397197,-0.007406192124397196,0.008840995161883011,-0.00885099516188301,0.005957660024145897,-0.005967660024145897
214,MICAL3,0.006087624443528408,-0.006097624443528408,0.00830533513450496,-0.00831533513450496,-0.002872196779506203,0.002862196779506203,0.004880117747432036,-0.004890117747432036
215,MINK1,0.008252557932959495,-0.008262557932959495,0.00689368034470865,-0.006903680344708649,-0.019208919106933356,0.019198919106933356,0.0016565759272270247,-0.0016665759272270248
216,MT1,0.005874235844330888,-0.005884235844330888,0.010138678000823104,-0.010148678000823103,-0.006944822076934587,0.006934822076934587,-0.002553951283215672,0.002543951283215672
217,MTMR2,0.006820239901629999,-0.006830239901629998,0.008778056325353403,-0.008788056325353403,-0.004546881655739951,0.0045368816557399515,0.00665366733900892,-0.00666366733900892
218,MYO18A,0.007131434558909473,-0.007141434558909473,0.01016431778140836,-0.01017431778140836,0.004875255126395486,-0.004885255126395486,0.015896185122236672,-0.015906185122236672
219,NFIL3,0.007828245990931744,-0.007838245990931744,0.008620386634414445,-0.008630386634414445,-0.011129452352321989,0.01111945235232199,-0.007429002992847572,0.0074190029928475724
220,NFKBIA,0.005544393151744667,-0.005554393151744667,0.010189486250567217,-0.010199486250567217,0.0071820868755956835,-0.007192086875595683,-0.006419010148226989,0.006409010148226989
221,NHSL1,0.0027805330454998833,-0.0027905330454998834,0.00864296924985257,-0.008652969249852569,0.013149762729790224,-0.013159762729790223,0.008143033548570613,-0.008153033548570613
222,NOTCH1,0.0060038188440990625,-0.006013818844099062,0.005616604151598301,-0.0056266041515983,0.005582958598136206,-0.005592958598136206,0.010716510689060571,-0.01072651068906057
223,OSBPL1A,0.0064355861855150895,-0.006445586185515089,0.007025875510002111,-0.0070358755100021105,-0.002666982658906039,0.002656982658906039,0.0020653105225848373,-0.0020753105225848373
224,OVOL1,0.007587500154600205,-0.007597500154600204,0.00944147584292987,-0.009451475842929869,-0.010230037658555957,0.010220037658555958,-0.003422424277467792,0.003412424277467792
225,PLEKHG1,0.005605041377028372,-0.0056150413770283715,0.011445867728343037,-0.011455867728343037,0.013090451207230375,-0.013100451207230374,0.005712717589771224,-0.005722717589771224
226,PLXNA1,0.004982626556088374,-0.004992626556088373,0.007734452726598048,-0.007744452726598048,0.006023617064244036,-0.006033617064244035,0.006300040919498359,-0.006310040919498359
227,POLDIP3,0.0019484539655397343,-0.0019584539655397343,0.004719611571605609,-0.004729611571605608,-0.004580915794367105,0.004570915794367105,0.005724926742010764,-0.005734926742010763
228,PPFIA1,0.007526207556454348,-0.0075362075564543475,0.0056309405073528,-0.005640940507352799,0.007253778872920377,-0.007263778872920377,0.0028489303476069427,-0.0028589303476069428
229,PPFIBP2,0.0031962605378364414,-0.0032062605378364415,0.012717184771907919,-0.012727184771907919,-0.004721580175750487,0.004711580175750487,0.012276345823521717,-0.012286345823521717
230,PPL,0.0076835506550033544,-0.007693550655003354,0.008354701300744852,-0.008364701300744851,0.0072060627323515675,-0.007216062732351567,0.0014542710575906614,-0.0014642710575906615
231,PPP1R14C,0.003075935358285757,-0.003085935358285757,0.007814616283209369,-0.007824616283209369,-0.004286606749128813,0.004276606749128813,-0.0013425942710260513,0.0013325942710260513
232,PRKCD,0.004276412111670555,-0.004286412111670555,0.008974977996974026,-0.008984977996974026,0.002261907230915003,-0.002271907230915003,-0.0017912408039914146,0.0017812408039914146
233,PRRC2B,0.005683439150880459,-0.005693439150880459,0.005964054115584538,-0.005974054115584538,0.012285107635383513,-0.012295107635383513,0.0066447080023033095,-0.006654708002303309
234,PTCH2,0.004519475666345155,-0.004529475666345154,0.011241817612941657,-0.011251817612941657,-0.005787646854414352,0.005777646854414353,0.013524611357945637,-0.013534611357945637
235,PTPN13,0.00358947441307067,-0.00359947441307067,0.007072851257860321,-0.007082851257860321,0.008130058359747283,-0.008140058359747283,0.007113874693978506,-0.007123874693978505
236,PXN,0.009423995112395028,-0.009433995112395028,-0.009627761571246396,0.009617761571246396,-0.010289745140620213,0.010279745140620213,-0.004822657859277532,0.0048126578592775325
237,RANBP9,0.005537667799264061,-0.00554766779926406,0.011085258766265801,-0.011095258766265801,0.008007700233036444,-0.008017700233036443,-0.0018075979467321451,0.001797597946732145
238,RGMB,0.01065583497477364,-0.01066583497477364,-0.009202985299394742,0.009192985299394742,-0.014632980258501585,0.014622980258501585,-0.00022452949503803943,0.00021452949503803943
239,RUNX1,0.00438426978154343,-0.00439426978154343,0.009082713963482189,-0.009092713963482189,-0.04583810955812799,0.04582810955812799,0.008580426605152014,-0.008590426605152014
240,RXRA,3.092445906587721e-05,-4.092445906587721e-05,0.012523429381258652,-0.012533429381258652,0.0075737061468895694,-0.007583706146889569,0.006675640226470159,-0.006685640226470158
241,SAFB,0.005018249132901539,-0.005028249132901539,0.010718012189923923,-0.010728012189923922,0.009809860728370923,-0.009819860728370922,0.00810941156876882,-0.00811941156876882
242,SEMA4B,0.004935244819191255,-0.0049452448191912544,0.010006040510083525,-0.010016040510083524,-0.008060472289433032,0.008050472289433033,-0.010442673305440589,0.01043267330544059
243,SGK1,0.009166717250801606,-0.009176717250801606,0.008540110717822763,-0.008550110717822763,-0.00509147948041952,0.00508147948041952,-0.004357363990408647,0.004347363990408647
244,SH3BP4,0.005742743162084202,-0.005752743162084201,-0.016252296596984073,0.016242296596984073,-0.02098620114943328,0.02097620114943328,-0.008933443144673384,0.008923443144673384
245,SIK1,0.006707526018220056,-0.006717526018220055,0.0062469461978242324,-0.006256946197824232,0.005565364794876543,-0.005575364794876542,0.012655503958553901,-0.012665503958553901
246,SLC23A2,0.008799554489810707,-0.008809554489810707,0.0065229396832066355,-0.006532939683206635,-0.00936159852052014,0.00935159852052014,0.00848137010278402,-0.008491370102784019
247,SLC30A1,0.0021266367472878717,-0.0021366367472878717,0.004600974033160579,-0.004610974033160579,0.008559442237241852,-0.008569442237241851,0.011382380511150217,-0.011392380511150216
248,SLC39A10,0.004338717817026064,-0.004348717817026063,0.005800239480986208,-0.0058102394809862075,0.010931894000105774,-0.010941894000105774,0.004836360910891846,-0.0048463609108918455
249,SLC7A6,0.003419744359926251,-0.003429744359926251,-0.0037436728693857196,0.0037336728693857196,,,-0.005247511981418138,0.005237511981418138
250,SREBF2,0.0052294915015981824,-0.005239491501598182,0.00575303574958036,-0.005763035749580359,-0.003003043069642705,0.002993043069642705,0.00939294403571439,-0.00940294403571439
251,SSBP3,0.0033791708861136693,-0.0033891708861136694,0.0069809110084081555,-0.006990911008408155,0.0006077351614752202,-0.0006177351614752202,0.008396489693785009,-0.008406489693785008
252,ST14,0.006470037319978042,-0.006480037319978042,0.007399190500500918,-0.007409190500500918,0.0009136231123619276,-0.0009236231123619276,0.008413589085775858,-0.008423589085775857
253,TACC2,0.004601819085127884,-0.0046118190851278835,0.009754906797507928,-0.009764906797507928,0.009660481109366029,-0.009670481109366028,0.007938332888670824,-0.007948332888670823
254,TBC1D10A,0.002136328246388132,-0.002146328246388132,0.011219287632018377,-0.011229287632018376,-0.010340903675469068,0.010330903675469068,-0.010464174355231809,0.01045417435523181
255,TFAP2A,0.0072203045889459305,-0.00723030458894593,0.0035669277126315346,-0.0035769277126315347,-0.00837521967037605,0.00836521967037605,0.008953642258202263,-0.008963642258202262
256,TGIF1,0.0077880814182570285,-0.007798081418257028,-0.0022525443073024565,0.0022425443073024564,-0.020973089267974906,0.020963089267974907,-0.014956927143804047,0.014946927143804047
257,TNFRSF19,0.003277696595914592,-0.003287696595914592,0.009999065539529242,-0.010009065539529242,-0.00537263649758174,0.00536263649758174,0.005955716447710743,-0.005965716447710743
258,TNS1,0.0018112171218151799,-0.0018212171218151799,0.006551554095189108,-0.006561554095189107,-0.0016376468626243673,0.0016276468626243673,0.0005584141769330864,-0.0005684141769330864
259,TNS4,0.00719893303395306,-0.00720893303395306,0.005244900432720953,-0.005254900432720953,0.009031095441585799,-0.009041095441585798,0.006474754245268624,-0.006484754245268624
260,TRIM29,0.007832232039707773,-0.007842232039707773,0.008706545959191916,-0.008716545959191916,0.01001579606347551,-0.01002579606347551,0.008219071006320494,-0.008229071006320494
261,TRP53BP2,0.0054662405393999525,-0.005476240539399952,0.011221495787486796,-0.011231495787486796,-0.0026085225845297183,0.0025985225845297183,-0.004402071926643686,0.004392071926643686
262,VGLL4,0.005198890858885821,-0.005208890858885821,0.005964890185965979,-0.005974890185965979,0.006487595646842648,-0.006497595646842647,0.0024579342028148154,-0.0024679342028148155
263,ZFAND5,0.0018923899777603809,-0.001902389977760381,0.009031639249405171,-0.00904163924940517,0.003440936858554261,-0.003450936858554261,0.008953637116704244,-0.008963637116704243
264,ZFP750,0.006172936278058649,-0.006182936278058649,0.0029617003877263903,-0.0029717003877263904,0.004973587458964798,-0.004983587458964798,0.0023798394099735637,-0.0023898394099735637
265,ZMYND8,0.0032276739047536612,-0.0032376739047536613,0.009794446564767023,-0.009804446564767023,0.01416239134688213,-0.01417239134688213,0.011495061766552739,-0.011505061766552738
266,WNT3,0.003986507430903466,-0.0039965074309034655,0.006643502253881842,-0.006653502253881841,,,0.01012249359961398,-0.01013249359961398
267,GATA3,0.007572531908558375,-0.007582531908558374,-0.001863367271208921,0.001853367271208921,0.006751697185702649,-0.006761697185702648,0.009494805160227424,-0.009504805160227423
